-- phpMyAdmin SQL Dump
-- version 4.7.0
-- https://www.phpmyadmin.net/
--
-- Servidor: 127.0.0.1
-- Tiempo de generación: 21-06-2017 a las 00:24:03
-- Versión del servidor: 10.1.22-MariaDB
-- Versión de PHP: 7.1.4

SET SQL_MODE = "NO_AUTO_VALUE_ON_ZERO";
SET AUTOCOMMIT = 0;
START TRANSACTION;
SET time_zone = "+00:00";


/*!40101 SET @OLD_CHARACTER_SET_CLIENT=@@CHARACTER_SET_CLIENT */;
/*!40101 SET @OLD_CHARACTER_SET_RESULTS=@@CHARACTER_SET_RESULTS */;
/*!40101 SET @OLD_COLLATION_CONNECTION=@@COLLATION_CONNECTION */;
/*!40101 SET NAMES utf8mb4 */;

--
-- Base de datos: `interactin`
--

--
-- Volcado de datos para la tabla `pais`
--

INSERT INTO `pais` (`id`, `nombre`, `codigo_ref`, `nativo`, `created_at`, `updated_at`, `deleted_at`) VALUES
(1, 'COLOMBIA', '57', 1, '1990-01-01 06:01:01', '1990-01-01 06:01:01', NULL);

--
-- Volcado de datos para la tabla `departamento`
--

INSERT INTO `departamento` (`id`, `nombre`, `codigo_ref`, `nativo`, `pais_id`, `created_at`, `updated_at`, `deleted_at`) VALUES
(1, 'ANTIOQUIA', '5', 1, 1, '1990-01-01 06:01:01', '1990-01-01 06:01:01', NULL),
(2, 'ATLANTICO', '8', 1, 1, '1990-01-01 06:01:01', '1990-01-01 06:01:01', NULL),
(3, 'BOGOTA', '11', 1, 1, '1990-01-01 06:01:01', '1990-01-01 06:01:01', NULL),
(4, 'BOLIVAR', '13', 1, 1, '1990-01-01 06:01:01', '1990-01-01 06:01:01', NULL),
(5, 'BOYACA', '15', 1, 1, '1990-01-01 06:01:01', '1990-01-01 06:01:01', NULL),
(6, 'CALDAS', '17', 1, 1, '1990-01-01 06:01:01', '1990-01-01 06:01:01', NULL),
(7, 'CAQUETA', '18', 1, 1, '1990-01-01 06:01:01', '1990-01-01 06:01:01', NULL),
(8, 'CAUCA', '19', 1, 1, '1990-01-01 06:01:01', '1990-01-01 06:01:01', NULL),
(9, 'CESAR', '20', 1, 1, '1990-01-01 06:01:01', '1990-01-01 06:01:01', NULL),
(10, 'CORDOBA', '23', 1, 1, '1990-01-01 06:01:01', '1990-01-01 06:01:01', NULL),
(11, 'CUNDINAMARCA', '25', 1, 1, '1990-01-01 06:01:01', '1990-01-01 06:01:01', NULL),
(12, 'CHOCO', '27', 1, 1, '1990-01-01 06:01:01', '1990-01-01 06:01:01', NULL),
(13, 'HUILA', '41', 1, 1, '1990-01-01 06:01:01', '1990-01-01 06:01:01', NULL),
(14, 'LA GUAJIRA', '44', 1, 1, '1990-01-01 06:01:01', '1990-01-01 06:01:01', NULL),
(15, 'MAGDALENA', '47', 1, 1, '1990-01-01 06:01:01', '1990-01-01 06:01:01', NULL),
(16, 'META', '50', 1, 1, '1990-01-01 06:01:01', '1990-01-01 06:01:01', NULL),
(17, 'NARINO', '52', 1, 1, '1990-01-01 06:01:01', '1990-01-01 06:01:01', NULL),
(18, 'NORTE DE SANTANDER', '54', 1, 1, '1990-01-01 06:01:01', '1990-01-01 06:01:01', NULL),
(19, 'QUINDIO', '63', 1, 1, '1990-01-01 06:01:01', '1990-01-01 06:01:01', NULL),
(20, 'RISARALDA', '66', 1, 1, '1990-01-01 06:01:01', '1990-01-01 06:01:01', NULL),
(21, 'SANTANDER', '68', 1, 1, '1990-01-01 06:01:01', '1990-01-01 06:01:01', NULL),
(22, 'SUCRE', '70', 1, 1, '1990-01-01 06:01:01', '1990-01-01 06:01:01', NULL),
(23, 'TOLIMA', '73', 1, 1, '1990-01-01 06:01:01', '1990-01-01 06:01:01', NULL),
(24, 'VALLE DEL CAUCA', '76', 1, 1, '1990-01-01 06:01:01', '1990-01-01 06:01:01', NULL),
(25, 'ARAUCA', '81', 1, 1, '1990-01-01 06:01:01', '1990-01-01 06:01:01', NULL),
(26, 'CASANARE', '85', 1, 1, '1990-01-01 06:01:01', '1990-01-01 06:01:01', NULL),
(27, 'PUTUMAYO', '86', 1, 1, '1990-01-01 06:01:01', '1990-01-01 06:01:01', NULL),
(28, 'SAN ANDRES', '88', 1, 1, '1990-01-01 06:01:01', '1990-01-01 06:01:01', NULL),
(29, 'AMAZONAS', '91', 1, 1, '1990-01-01 06:01:01', '1990-01-01 06:01:01', NULL),
(30, 'GUAINIA', '94', 1, 1, '1990-01-01 06:01:01', '1990-01-01 06:01:01', NULL),
(31, 'GUAVIARE', '95', 1, 1, '1990-01-01 06:01:01', '1990-01-01 06:01:01', NULL),
(32, 'VAUPES', '97', 1, 1, '1990-01-01 06:01:01', '1990-01-01 06:01:01', NULL),
(33, 'VICHADA', '99', 1, 1, '1990-01-01 06:01:01', '1990-01-01 06:01:01', NULL);


--
-- Volcado de datos para la tabla `ciudad`
--

INSERT INTO `ciudad` (`id`, `nombre`, `codigo_ref`, `nativo`, `departamento_id`, `created_at`, `updated_at`, `deleted_at`) VALUES
(1, 'MANI', '139', 1, 26, '1990-01-01 06:01:01', '1990-01-01 06:01:01', NULL),
(2, 'MEDELLIN', '001', 1, 1, '1990-01-01 06:01:01', '1990-01-01 06:01:01', NULL),
(3, 'ABEJORRAL', '002', 1, 1, '1990-01-01 06:01:01', '1990-01-01 06:01:01', NULL),
(4, 'ABRIAQUI', '004', 1, 1, '1990-01-01 06:01:01', '1990-01-01 06:01:01', NULL),
(5, 'ALEJANDRIA', '021', 1, 1, '1990-01-01 06:01:01', '1990-01-01 06:01:01', NULL),
(6, 'AMAGA', '030', 1, 1, '1990-01-01 06:01:01', '1990-01-01 06:01:01', NULL),
(7, 'AMALFI', '031', 1, 1, '1990-01-01 06:01:01', '1990-01-01 06:01:01', NULL),
(8, 'ANDES', '034', 1, 1, '1990-01-01 06:01:01', '1990-01-01 06:01:01', NULL),
(9, 'ANGELOPOLIS', '036', 1, 1, '1990-01-01 06:01:01', '1990-01-01 06:01:01', NULL),
(10, 'ANGOSTURA', '038', 1, 1, '1990-01-01 06:01:01', '1990-01-01 06:01:01', NULL),
(11, 'ANORI', '040', 1, 1, '1990-01-01 06:01:01', '1990-01-01 06:01:01', NULL),
(12, 'SANTAFE DE ANTIOQUIA', '042', 1, 1, '1990-01-01 06:01:01', '1990-01-01 06:01:01', NULL),
(13, 'ANZA', '044', 1, 1, '1990-01-01 06:01:01', '1990-01-01 06:01:01', NULL),
(14, 'APARTADO', '045', 1, 1, '1990-01-01 06:01:01', '1990-01-01 06:01:01', NULL),
(15, 'ARBOLETES', '051', 1, 1, '1990-01-01 06:01:01', '1990-01-01 06:01:01', NULL),
(16, 'ARGELIA', '055', 1, 1, '1990-01-01 06:01:01', '1990-01-01 06:01:01', NULL),
(17, 'ARMENIA', '059', 1, 1, '1990-01-01 06:01:01', '1990-01-01 06:01:01', NULL),
(18, 'BARBOSA', '079', 1, 1, '1990-01-01 06:01:01', '1990-01-01 06:01:01', NULL),
(19, 'BELMIRA', '086', 1, 1, '1990-01-01 06:01:01', '1990-01-01 06:01:01', NULL),
(20, 'BELLO', '088', 1, 1, '1990-01-01 06:01:01', '1990-01-01 06:01:01', NULL),
(21, 'BETANIA', '091', 1, 1, '1990-01-01 06:01:01', '1990-01-01 06:01:01', NULL),
(22, 'BETULIA', '093', 1, 1, '1990-01-01 06:01:01', '1990-01-01 06:01:01', NULL),
(23, 'CIUDAD BOLIVAR', '101', 1, 1, '1990-01-01 06:01:01', '1990-01-01 06:01:01', NULL),
(24, 'BRICEÑO', '107', 1, 1, '1990-01-01 06:01:01', '1990-01-01 06:01:01', NULL),
(25, 'BURITICA', '113', 1, 1, '1990-01-01 06:01:01', '1990-01-01 06:01:01', NULL),
(26, 'CACERES', '120', 1, 1, '1990-01-01 06:01:01', '1990-01-01 06:01:01', NULL),
(27, 'CAICEDO', '125', 1, 1, '1990-01-01 06:01:01', '1990-01-01 06:01:01', NULL),
(28, 'CALDAS', '129', 1, 1, '1990-01-01 06:01:01', '1990-01-01 06:01:01', NULL),
(29, 'CAMPAMENTO', '134', 1, 1, '1990-01-01 06:01:01', '1990-01-01 06:01:01', NULL),
(30, 'CAÑASGORDAS', '138', 1, 1, '1990-01-01 06:01:01', '1990-01-01 06:01:01', NULL),
(31, 'CARACOLI', '142', 1, 1, '1990-01-01 06:01:01', '1990-01-01 06:01:01', NULL),
(32, 'CARAMANTA', '145', 1, 1, '1990-01-01 06:01:01', '1990-01-01 06:01:01', NULL),
(33, 'CAREPA', '147', 1, 1, '1990-01-01 06:01:01', '1990-01-01 06:01:01', NULL),
(34, 'EL CARMEN DE VIBORAL', '148', 1, 1, '1990-01-01 06:01:01', '1990-01-01 06:01:01', NULL),
(35, 'CAROLINA', '150', 1, 1, '1990-01-01 06:01:01', '1990-01-01 06:01:01', NULL),
(36, 'CAUCASIA', '154', 1, 1, '1990-01-01 06:01:01', '1990-01-01 06:01:01', NULL),
(37, 'CHIGORODO', '172', 1, 1, '1990-01-01 06:01:01', '1990-01-01 06:01:01', NULL),
(38, 'CISNEROS', '190', 1, 1, '1990-01-01 06:01:01', '1990-01-01 06:01:01', NULL),
(39, 'COCORNA', '197', 1, 1, '1990-01-01 06:01:01', '1990-01-01 06:01:01', NULL),
(40, 'CONCEPCION', '206', 1, 1, '1990-01-01 06:01:01', '1990-01-01 06:01:01', NULL),
(41, 'CONCORDIA', '209', 1, 1, '1990-01-01 06:01:01', '1990-01-01 06:01:01', NULL),
(42, 'COPACABANA', '212', 1, 1, '1990-01-01 06:01:01', '1990-01-01 06:01:01', NULL),
(43, 'DABEIBA', '234', 1, 1, '1990-01-01 06:01:01', '1990-01-01 06:01:01', NULL),
(44, 'DON MATIAS', '237', 1, 1, '1990-01-01 06:01:01', '1990-01-01 06:01:01', NULL),
(45, 'EBEJICO', '240', 1, 1, '1990-01-01 06:01:01', '1990-01-01 06:01:01', NULL),
(46, 'EL BAGRE', '250', 1, 1, '1990-01-01 06:01:01', '1990-01-01 06:01:01', NULL),
(47, 'ENTRERRIOS', '264', 1, 1, '1990-01-01 06:01:01', '1990-01-01 06:01:01', NULL),
(48, 'ENVIGADO', '266', 1, 1, '1990-01-01 06:01:01', '1990-01-01 06:01:01', NULL),
(49, 'FREDONIA', '282', 1, 1, '1990-01-01 06:01:01', '1990-01-01 06:01:01', NULL),
(50, 'FRONTINO', '284', 1, 1, '1990-01-01 06:01:01', '1990-01-01 06:01:01', NULL),
(51, 'GIRALDO', '306', 1, 1, '1990-01-01 06:01:01', '1990-01-01 06:01:01', NULL),
(52, 'GIRARDOTA', '308', 1, 1, '1990-01-01 06:01:01', '1990-01-01 06:01:01', NULL),
(53, 'GOMEZ PLATA', '310', 1, 1, '1990-01-01 06:01:01', '1990-01-01 06:01:01', NULL),
(54, 'GRANADA', '313', 1, 1, '1990-01-01 06:01:01', '1990-01-01 06:01:01', NULL),
(55, 'GUADALUPE', '315', 1, 1, '1990-01-01 06:01:01', '1990-01-01 06:01:01', NULL),
(56, 'GUARNE', '318', 1, 1, '1990-01-01 06:01:01', '1990-01-01 06:01:01', NULL),
(57, 'GUATAPE', '321', 1, 1, '1990-01-01 06:01:01', '1990-01-01 06:01:01', NULL),
(58, 'HELICONIA', '347', 1, 1, '1990-01-01 06:01:01', '1990-01-01 06:01:01', NULL),
(59, 'HISPANIA', '353', 1, 1, '1990-01-01 06:01:01', '1990-01-01 06:01:01', NULL),
(60, 'ITAGUI', '360', 1, 1, '1990-01-01 06:01:01', '1990-01-01 06:01:01', NULL),
(61, 'ITUANGO', '361', 1, 1, '1990-01-01 06:01:01', '1990-01-01 06:01:01', NULL),
(62, 'JARDIN', '364', 1, 1, '1990-01-01 06:01:01', '1990-01-01 06:01:01', NULL),
(63, 'JERICO', '368', 1, 1, '1990-01-01 06:01:01', '1990-01-01 06:01:01', NULL),
(64, 'LA CEJA', '376', 1, 1, '1990-01-01 06:01:01', '1990-01-01 06:01:01', NULL),
(65, 'MONTERREY', '162', 1, 26, '1990-01-01 06:01:01', '1990-01-01 06:01:01', NULL),
(66, 'NUNCHIA', '225', 1, 26, '1990-01-01 06:01:01', '1990-01-01 06:01:01', NULL),
(67, 'OROCUE', '230', 1, 26, '1990-01-01 06:01:01', '1990-01-01 06:01:01', NULL),
(68, 'LA ESTRELLA', '380', 1, 1, '1990-01-01 06:01:01', '1990-01-01 06:01:01', NULL),
(69, 'LA PINTADA', '390', 1, 1, '1990-01-01 06:01:01', '1990-01-01 06:01:01', NULL),
(70, 'LA UNION', '400', 1, 1, '1990-01-01 06:01:01', '1990-01-01 06:01:01', NULL),
(71, 'LIBORINA', '411', 1, 1, '1990-01-01 06:01:01', '1990-01-01 06:01:01', NULL),
(72, 'MACEO', '425', 1, 1, '1990-01-01 06:01:01', '1990-01-01 06:01:01', NULL),
(73, 'MARINILLA', '440', 1, 1, '1990-01-01 06:01:01', '1990-01-01 06:01:01', NULL),
(74, 'MONTEBELLO', '467', 1, 1, '1990-01-01 06:01:01', '1990-01-01 06:01:01', NULL),
(75, 'MURINDO', '475', 1, 1, '1990-01-01 06:01:01', '1990-01-01 06:01:01', NULL),
(76, 'MUTATA', '480', 1, 1, '1990-01-01 06:01:01', '1990-01-01 06:01:01', NULL),
(77, 'NARIÑO', '483', 1, 1, '1990-01-01 06:01:01', '1990-01-01 06:01:01', NULL),
(78, 'NECOCLI', '490', 1, 1, '1990-01-01 06:01:01', '1990-01-01 06:01:01', NULL),
(79, 'NECHI', '495', 1, 1, '1990-01-01 06:01:01', '1990-01-01 06:01:01', NULL),
(80, 'OLAYA', '501', 1, 1, '1990-01-01 06:01:01', '1990-01-01 06:01:01', NULL),
(81, 'PEÐOL', '541', 1, 1, '1990-01-01 06:01:01', '1990-01-01 06:01:01', NULL),
(82, 'PEQUE', '543', 1, 1, '1990-01-01 06:01:01', '1990-01-01 06:01:01', NULL),
(83, 'PUEBLORRICO', '576', 1, 1, '1990-01-01 06:01:01', '1990-01-01 06:01:01', NULL),
(84, 'PUERTO BERRIO', '579', 1, 1, '1990-01-01 06:01:01', '1990-01-01 06:01:01', NULL),
(85, 'PUERTO NARE', '585', 1, 1, '1990-01-01 06:01:01', '1990-01-01 06:01:01', NULL),
(86, 'PUERTO TRIUNFO', '591', 1, 1, '1990-01-01 06:01:01', '1990-01-01 06:01:01', NULL),
(87, 'REMEDIOS', '604', 1, 1, '1990-01-01 06:01:01', '1990-01-01 06:01:01', NULL),
(88, 'RETIRO', '607', 1, 1, '1990-01-01 06:01:01', '1990-01-01 06:01:01', NULL),
(89, 'RIONEGRO', '615', 1, 1, '1990-01-01 06:01:01', '1990-01-01 06:01:01', NULL),
(90, 'SABANALARGA', '628', 1, 1, '1990-01-01 06:01:01', '1990-01-01 06:01:01', NULL),
(91, 'SABANETA', '631', 1, 1, '1990-01-01 06:01:01', '1990-01-01 06:01:01', NULL),
(92, 'SALGAR', '642', 1, 1, '1990-01-01 06:01:01', '1990-01-01 06:01:01', NULL),
(93, 'SAN ANDRES DE CUERQUIA', '647', 1, 1, '1990-01-01 06:01:01', '1990-01-01 06:01:01', NULL),
(94, 'SAN CARLOS', '649', 1, 1, '1990-01-01 06:01:01', '1990-01-01 06:01:01', NULL),
(95, 'SAN FRANCISCO', '652', 1, 1, '1990-01-01 06:01:01', '1990-01-01 06:01:01', NULL),
(96, 'SAN JERONIMO', '656', 1, 1, '1990-01-01 06:01:01', '1990-01-01 06:01:01', NULL),
(97, 'SAN JOSE DE LA MONTAÑA', '658', 1, 1, '1990-01-01 06:01:01', '1990-01-01 06:01:01', NULL),
(98, 'SAN JUAN DE URABA', '659', 1, 1, '1990-01-01 06:01:01', '1990-01-01 06:01:01', NULL),
(99, 'SAN LUIS', '660', 1, 1, '1990-01-01 06:01:01', '1990-01-01 06:01:01', NULL),
(100, 'SAN PEDRO', '664', 1, 1, '1990-01-01 06:01:01', '1990-01-01 06:01:01', NULL),
(101, 'SAN PEDRO DE URABA', '665', 1, 1, '1990-01-01 06:01:01', '1990-01-01 06:01:01', NULL),
(102, 'SAN RAFAEL', '667', 1, 1, '1990-01-01 06:01:01', '1990-01-01 06:01:01', NULL),
(103, 'SAN ROQUE', '670', 1, 1, '1990-01-01 06:01:01', '1990-01-01 06:01:01', NULL),
(104, 'SAN VICENTE', '674', 1, 1, '1990-01-01 06:01:01', '1990-01-01 06:01:01', NULL),
(105, 'SANTA BARBARA', '679', 1, 1, '1990-01-01 06:01:01', '1990-01-01 06:01:01', NULL),
(106, 'SANTA ROSA DE OSOS', '686', 1, 1, '1990-01-01 06:01:01', '1990-01-01 06:01:01', NULL),
(107, 'SANTO DOMINGO', '690', 1, 1, '1990-01-01 06:01:01', '1990-01-01 06:01:01', NULL),
(108, 'EL SANTUARIO', '697', 1, 1, '1990-01-01 06:01:01', '1990-01-01 06:01:01', NULL),
(109, 'SEGOVIA', '736', 1, 1, '1990-01-01 06:01:01', '1990-01-01 06:01:01', NULL),
(110, 'SONSON', '756', 1, 1, '1990-01-01 06:01:01', '1990-01-01 06:01:01', NULL),
(111, 'SOPETRAN', '761', 1, 1, '1990-01-01 06:01:01', '1990-01-01 06:01:01', NULL),
(112, 'TAMESIS', '789', 1, 1, '1990-01-01 06:01:01', '1990-01-01 06:01:01', NULL),
(113, 'TARAZA', '790', 1, 1, '1990-01-01 06:01:01', '1990-01-01 06:01:01', NULL),
(114, 'TARSO', '792', 1, 1, '1990-01-01 06:01:01', '1990-01-01 06:01:01', NULL),
(115, 'TITIRIBI', '809', 1, 1, '1990-01-01 06:01:01', '1990-01-01 06:01:01', NULL),
(116, 'TOLEDO', '819', 1, 1, '1990-01-01 06:01:01', '1990-01-01 06:01:01', NULL),
(117, 'TURBO', '837', 1, 1, '1990-01-01 06:01:01', '1990-01-01 06:01:01', NULL),
(118, 'URAMITA', '842', 1, 1, '1990-01-01 06:01:01', '1990-01-01 06:01:01', NULL),
(119, 'URRAO', '847', 1, 1, '1990-01-01 06:01:01', '1990-01-01 06:01:01', NULL),
(120, 'VALDIVIA', '854', 1, 1, '1990-01-01 06:01:01', '1990-01-01 06:01:01', NULL),
(121, 'VALPARAISO', '856', 1, 1, '1990-01-01 06:01:01', '1990-01-01 06:01:01', NULL),
(122, 'VEGACHI', '858', 1, 1, '1990-01-01 06:01:01', '1990-01-01 06:01:01', NULL),
(123, 'VENECIA', '861', 1, 1, '1990-01-01 06:01:01', '1990-01-01 06:01:01', NULL),
(124, 'VIGIA DEL FUERTE', '873', 1, 1, '1990-01-01 06:01:01', '1990-01-01 06:01:01', NULL),
(125, 'YALI', '885', 1, 1, '1990-01-01 06:01:01', '1990-01-01 06:01:01', NULL),
(126, 'YARUMAL', '887', 1, 1, '1990-01-01 06:01:01', '1990-01-01 06:01:01', NULL),
(127, 'YOLOMBO', '890', 1, 1, '1990-01-01 06:01:01', '1990-01-01 06:01:01', NULL),
(128, 'YONDO', '893', 1, 1, '1990-01-01 06:01:01', '1990-01-01 06:01:01', NULL),
(129, 'ZARAGOZA', '895', 1, 1, '1990-01-01 06:01:01', '1990-01-01 06:01:01', NULL),
(130, 'BARRANQUILLA', '001', 1, 2, '1990-01-01 06:01:01', '1990-01-01 06:01:01', NULL),
(131, 'BARANOA', '078', 1, 2, '1990-01-01 06:01:01', '1990-01-01 06:01:01', NULL),
(132, 'CAMPO DE LA CRUZ', '137', 1, 2, '1990-01-01 06:01:01', '1990-01-01 06:01:01', NULL),
(133, 'CANDELARIA', '141', 1, 2, '1990-01-01 06:01:01', '1990-01-01 06:01:01', NULL),
(134, 'GALAPA', '296', 1, 2, '1990-01-01 06:01:01', '1990-01-01 06:01:01', NULL),
(135, 'JUAN DE ACOSTA', '372', 1, 2, '1990-01-01 06:01:01', '1990-01-01 06:01:01', NULL),
(136, 'LURUACO', '421', 1, 2, '1990-01-01 06:01:01', '1990-01-01 06:01:01', NULL),
(137, 'MALAMBO', '433', 1, 2, '1990-01-01 06:01:01', '1990-01-01 06:01:01', NULL),
(138, 'MANATI', '436', 1, 2, '1990-01-01 06:01:01', '1990-01-01 06:01:01', NULL),
(139, 'PALMAR DE VARELA', '520', 1, 2, '1990-01-01 06:01:01', '1990-01-01 06:01:01', NULL),
(140, 'PIOJO', '549', 1, 2, '1990-01-01 06:01:01', '1990-01-01 06:01:01', NULL),
(141, 'POLONUEVO', '558', 1, 2, '1990-01-01 06:01:01', '1990-01-01 06:01:01', NULL),
(142, 'PONEDERA', '560', 1, 2, '1990-01-01 06:01:01', '1990-01-01 06:01:01', NULL),
(143, 'PUERTO COLOMBIA', '573', 1, 2, '1990-01-01 06:01:01', '1990-01-01 06:01:01', NULL),
(144, 'REPELON', '606', 1, 2, '1990-01-01 06:01:01', '1990-01-01 06:01:01', NULL),
(145, 'SABANAGRANDE', '634', 1, 2, '1990-01-01 06:01:01', '1990-01-01 06:01:01', NULL),
(146, 'SABANALARGA', '638', 1, 2, '1990-01-01 06:01:01', '1990-01-01 06:01:01', NULL),
(147, 'SANTA LUCIA', '675', 1, 2, '1990-01-01 06:01:01', '1990-01-01 06:01:01', NULL),
(148, 'SANTO TOMAS', '685', 1, 2, '1990-01-01 06:01:01', '1990-01-01 06:01:01', NULL),
(149, 'SOLEDAD', '758', 1, 2, '1990-01-01 06:01:01', '1990-01-01 06:01:01', NULL),
(150, 'SUAN', '770', 1, 2, '1990-01-01 06:01:01', '1990-01-01 06:01:01', NULL),
(151, 'TUBARA', '832', 1, 2, '1990-01-01 06:01:01', '1990-01-01 06:01:01', NULL),
(152, 'USIACURI', '849', 1, 2, '1990-01-01 06:01:01', '1990-01-01 06:01:01', NULL),
(153, 'BOGOTA, D.C.', '001', 1, 3, '1990-01-01 06:01:01', '1990-01-01 06:01:01', NULL),
(154, 'CARTAGENA', '001', 1, 4, '1990-01-01 06:01:01', '1990-01-01 06:01:01', NULL),
(155, 'ACHI', '006', 1, 4, '1990-01-01 06:01:01', '1990-01-01 06:01:01', NULL),
(156, 'ALTOS DEL ROSARIO', '030', 1, 4, '1990-01-01 06:01:01', '1990-01-01 06:01:01', NULL),
(157, 'ARENAL', '042', 1, 4, '1990-01-01 06:01:01', '1990-01-01 06:01:01', NULL),
(158, 'ARJONA', '052', 1, 4, '1990-01-01 06:01:01', '1990-01-01 06:01:01', NULL),
(159, 'ARROYOHONDO', '062', 1, 4, '1990-01-01 06:01:01', '1990-01-01 06:01:01', NULL),
(160, 'BARRANCO DE LOBA', '074', 1, 4, '1990-01-01 06:01:01', '1990-01-01 06:01:01', NULL),
(161, 'CALAMAR', '140', 1, 4, '1990-01-01 06:01:01', '1990-01-01 06:01:01', NULL),
(162, 'CANTAGALLO', '160', 1, 4, '1990-01-01 06:01:01', '1990-01-01 06:01:01', NULL),
(163, 'CICUCO', '188', 1, 4, '1990-01-01 06:01:01', '1990-01-01 06:01:01', NULL),
(164, 'CORDOBA', '212', 1, 4, '1990-01-01 06:01:01', '1990-01-01 06:01:01', NULL),
(165, 'CLEMENCIA', '222', 1, 4, '1990-01-01 06:01:01', '1990-01-01 06:01:01', NULL),
(166, 'EL CARMEN DE BOLIVAR', '244', 1, 4, '1990-01-01 06:01:01', '1990-01-01 06:01:01', NULL),
(167, 'EL GUAMO', '248', 1, 4, '1990-01-01 06:01:01', '1990-01-01 06:01:01', NULL),
(168, 'EL PEÑON', '268', 1, 4, '1990-01-01 06:01:01', '1990-01-01 06:01:01', NULL),
(169, 'HATILLO DE LOBA', '300', 1, 4, '1990-01-01 06:01:01', '1990-01-01 06:01:01', NULL),
(170, 'MAGANGUE', '430', 1, 4, '1990-01-01 06:01:01', '1990-01-01 06:01:01', NULL),
(171, 'MAHATES', '433', 1, 4, '1990-01-01 06:01:01', '1990-01-01 06:01:01', NULL),
(172, 'MARGARITA', '440', 1, 4, '1990-01-01 06:01:01', '1990-01-01 06:01:01', NULL),
(173, 'MARIA LA BAJA', '442', 1, 4, '1990-01-01 06:01:01', '1990-01-01 06:01:01', NULL),
(174, 'MONTECRISTO', '458', 1, 4, '1990-01-01 06:01:01', '1990-01-01 06:01:01', NULL),
(175, 'MOMPOS', '468', 1, 4, '1990-01-01 06:01:01', '1990-01-01 06:01:01', NULL),
(176, 'MORALES', '473', 1, 4, '1990-01-01 06:01:01', '1990-01-01 06:01:01', NULL),
(177, 'NOROSI', '490', 1, 4, '1990-01-01 06:01:01', '1990-01-01 06:01:01', NULL),
(178, 'PINILLOS', '549', 1, 4, '1990-01-01 06:01:01', '1990-01-01 06:01:01', NULL),
(179, 'REGIDOR', '580', 1, 4, '1990-01-01 06:01:01', '1990-01-01 06:01:01', NULL),
(180, 'RIO VIEJO', '600', 1, 4, '1990-01-01 06:01:01', '1990-01-01 06:01:01', NULL),
(181, 'SAN CRISTOBAL', '620', 1, 4, '1990-01-01 06:01:01', '1990-01-01 06:01:01', NULL),
(182, 'SAN ESTANISLAO', '647', 1, 4, '1990-01-01 06:01:01', '1990-01-01 06:01:01', NULL),
(183, 'SAN FERNANDO', '650', 1, 4, '1990-01-01 06:01:01', '1990-01-01 06:01:01', NULL),
(184, 'SAN JACINTO', '654', 1, 4, '1990-01-01 06:01:01', '1990-01-01 06:01:01', NULL),
(185, 'SAN JACINTO DEL CAUCA', '655', 1, 4, '1990-01-01 06:01:01', '1990-01-01 06:01:01', NULL),
(186, 'SAN JUAN NEPOMUCENO', '657', 1, 4, '1990-01-01 06:01:01', '1990-01-01 06:01:01', NULL),
(187, 'SAN MARTIN DE LOBA', '667', 1, 4, '1990-01-01 06:01:01', '1990-01-01 06:01:01', NULL),
(188, 'SAN PABLO', '670', 1, 4, '1990-01-01 06:01:01', '1990-01-01 06:01:01', NULL),
(189, 'SANTA CATALINA', '673', 1, 4, '1990-01-01 06:01:01', '1990-01-01 06:01:01', NULL),
(190, 'SANTA ROSA', '683', 1, 4, '1990-01-01 06:01:01', '1990-01-01 06:01:01', NULL),
(191, 'SANTA ROSA DEL SUR', '688', 1, 4, '1990-01-01 06:01:01', '1990-01-01 06:01:01', NULL),
(192, 'SIMITI', '744', 1, 4, '1990-01-01 06:01:01', '1990-01-01 06:01:01', NULL),
(193, 'SOPLAVIENTO', '760', 1, 4, '1990-01-01 06:01:01', '1990-01-01 06:01:01', NULL),
(194, 'TALAIGUA NUEVO', '780', 1, 4, '1990-01-01 06:01:01', '1990-01-01 06:01:01', NULL),
(195, 'TIQUISIO', '810', 1, 4, '1990-01-01 06:01:01', '1990-01-01 06:01:01', NULL),
(196, 'TURBACO', '836', 1, 4, '1990-01-01 06:01:01', '1990-01-01 06:01:01', NULL),
(197, 'TURBANA', '838', 1, 4, '1990-01-01 06:01:01', '1990-01-01 06:01:01', NULL),
(198, 'VILLANUEVA', '873', 1, 4, '1990-01-01 06:01:01', '1990-01-01 06:01:01', NULL),
(199, 'ZAMBRANO', '894', 1, 4, '1990-01-01 06:01:01', '1990-01-01 06:01:01', NULL),
(200, 'TUNJA', '001', 1, 5, '1990-01-01 06:01:01', '1990-01-01 06:01:01', NULL),
(201, 'ALMEIDA', '022', 1, 5, '1990-01-01 06:01:01', '1990-01-01 06:01:01', NULL),
(202, 'AQUITANIA', '047', 1, 5, '1990-01-01 06:01:01', '1990-01-01 06:01:01', NULL),
(203, 'ARCABUCO', '051', 1, 5, '1990-01-01 06:01:01', '1990-01-01 06:01:01', NULL),
(204, 'BELEN', '087', 1, 5, '1990-01-01 06:01:01', '1990-01-01 06:01:01', NULL),
(205, 'BERBEO', '090', 1, 5, '1990-01-01 06:01:01', '1990-01-01 06:01:01', NULL),
(206, 'BETEITIVA', '092', 1, 5, '1990-01-01 06:01:01', '1990-01-01 06:01:01', NULL),
(207, 'BOAVITA', '097', 1, 5, '1990-01-01 06:01:01', '1990-01-01 06:01:01', NULL),
(208, 'BOYACA', '104', 1, 5, '1990-01-01 06:01:01', '1990-01-01 06:01:01', NULL),
(209, 'BRICEÑO', '106', 1, 5, '1990-01-01 06:01:01', '1990-01-01 06:01:01', NULL),
(210, 'BUENAVISTA', '109', 1, 5, '1990-01-01 06:01:01', '1990-01-01 06:01:01', NULL),
(211, 'BUSBANZA', '114', 1, 5, '1990-01-01 06:01:01', '1990-01-01 06:01:01', NULL),
(212, 'CALDAS', '131', 1, 5, '1990-01-01 06:01:01', '1990-01-01 06:01:01', NULL),
(213, 'CAMPOHERMOSO', '135', 1, 5, '1990-01-01 06:01:01', '1990-01-01 06:01:01', NULL),
(214, 'CERINZA', '162', 1, 5, '1990-01-01 06:01:01', '1990-01-01 06:01:01', NULL),
(215, 'CHINAVITA', '172', 1, 5, '1990-01-01 06:01:01', '1990-01-01 06:01:01', NULL),
(216, 'CHIQUINQUIRA', '176', 1, 5, '1990-01-01 06:01:01', '1990-01-01 06:01:01', NULL),
(217, 'CHISCAS', '180', 1, 5, '1990-01-01 06:01:01', '1990-01-01 06:01:01', NULL),
(218, 'CHITA', '183', 1, 5, '1990-01-01 06:01:01', '1990-01-01 06:01:01', NULL),
(219, 'CHITARAQUE', '185', 1, 5, '1990-01-01 06:01:01', '1990-01-01 06:01:01', NULL),
(220, 'CHIVATA', '187', 1, 5, '1990-01-01 06:01:01', '1990-01-01 06:01:01', NULL),
(221, 'CIENEGA', '189', 1, 5, '1990-01-01 06:01:01', '1990-01-01 06:01:01', NULL),
(222, 'COMBITA', '204', 1, 5, '1990-01-01 06:01:01', '1990-01-01 06:01:01', NULL),
(223, 'COPER', '212', 1, 5, '1990-01-01 06:01:01', '1990-01-01 06:01:01', NULL),
(224, 'CORRALES', '215', 1, 5, '1990-01-01 06:01:01', '1990-01-01 06:01:01', NULL),
(225, 'COVARACHIA', '218', 1, 5, '1990-01-01 06:01:01', '1990-01-01 06:01:01', NULL),
(226, 'CUBARA', '223', 1, 5, '1990-01-01 06:01:01', '1990-01-01 06:01:01', NULL),
(227, 'CUCAITA', '224', 1, 5, '1990-01-01 06:01:01', '1990-01-01 06:01:01', NULL),
(228, 'CUITIVA', '226', 1, 5, '1990-01-01 06:01:01', '1990-01-01 06:01:01', NULL),
(229, 'CHIQUIZA', '232', 1, 5, '1990-01-01 06:01:01', '1990-01-01 06:01:01', NULL),
(230, 'CHIVOR', '236', 1, 5, '1990-01-01 06:01:01', '1990-01-01 06:01:01', NULL),
(231, 'DUITAMA', '238', 1, 5, '1990-01-01 06:01:01', '1990-01-01 06:01:01', NULL),
(232, 'EL COCUY', '244', 1, 5, '1990-01-01 06:01:01', '1990-01-01 06:01:01', NULL),
(233, 'EL ESPINO', '248', 1, 5, '1990-01-01 06:01:01', '1990-01-01 06:01:01', NULL),
(234, 'FIRAVITOBA', '272', 1, 5, '1990-01-01 06:01:01', '1990-01-01 06:01:01', NULL),
(235, 'FLORESTA', '276', 1, 5, '1990-01-01 06:01:01', '1990-01-01 06:01:01', NULL),
(236, 'GACHANTIVA', '293', 1, 5, '1990-01-01 06:01:01', '1990-01-01 06:01:01', NULL),
(237, 'GAMEZA', '296', 1, 5, '1990-01-01 06:01:01', '1990-01-01 06:01:01', NULL),
(238, 'GARAGOA', '299', 1, 5, '1990-01-01 06:01:01', '1990-01-01 06:01:01', NULL),
(239, 'GUACAMAYAS', '317', 1, 5, '1990-01-01 06:01:01', '1990-01-01 06:01:01', NULL),
(240, 'GUATEQUE', '322', 1, 5, '1990-01-01 06:01:01', '1990-01-01 06:01:01', NULL),
(241, 'GUAYATA', '325', 1, 5, '1990-01-01 06:01:01', '1990-01-01 06:01:01', NULL),
(242, 'GsICAN', '332', 1, 5, '1990-01-01 06:01:01', '1990-01-01 06:01:01', NULL),
(243, 'IZA', '362', 1, 5, '1990-01-01 06:01:01', '1990-01-01 06:01:01', NULL),
(244, 'JENESANO', '367', 1, 5, '1990-01-01 06:01:01', '1990-01-01 06:01:01', NULL),
(245, 'JERICO', '368', 1, 5, '1990-01-01 06:01:01', '1990-01-01 06:01:01', NULL),
(246, 'LABRANZAGRANDE', '377', 1, 5, '1990-01-01 06:01:01', '1990-01-01 06:01:01', NULL),
(247, 'LA CAPILLA', '380', 1, 5, '1990-01-01 06:01:01', '1990-01-01 06:01:01', NULL),
(248, 'LA VICTORIA', '401', 1, 5, '1990-01-01 06:01:01', '1990-01-01 06:01:01', NULL),
(249, 'LA UVITA', '403', 1, 5, '1990-01-01 06:01:01', '1990-01-01 06:01:01', NULL),
(250, 'VILLA DE LEYVA', '407', 1, 5, '1990-01-01 06:01:01', '1990-01-01 06:01:01', NULL),
(251, 'MACANAL', '425', 1, 5, '1990-01-01 06:01:01', '1990-01-01 06:01:01', NULL),
(252, 'MARIPI', '442', 1, 5, '1990-01-01 06:01:01', '1990-01-01 06:01:01', NULL),
(253, 'MIRAFLORES', '455', 1, 5, '1990-01-01 06:01:01', '1990-01-01 06:01:01', NULL),
(254, 'MONGUA', '464', 1, 5, '1990-01-01 06:01:01', '1990-01-01 06:01:01', NULL),
(255, 'MONGUI', '466', 1, 5, '1990-01-01 06:01:01', '1990-01-01 06:01:01', NULL),
(256, 'MONIQUIRA', '469', 1, 5, '1990-01-01 06:01:01', '1990-01-01 06:01:01', NULL),
(257, 'MOTAVITA', '476', 1, 5, '1990-01-01 06:01:01', '1990-01-01 06:01:01', NULL),
(258, 'MUZO', '480', 1, 5, '1990-01-01 06:01:01', '1990-01-01 06:01:01', NULL),
(259, 'NOBSA', '491', 1, 5, '1990-01-01 06:01:01', '1990-01-01 06:01:01', NULL),
(260, 'NUEVO COLON', '494', 1, 5, '1990-01-01 06:01:01', '1990-01-01 06:01:01', NULL),
(261, 'OICATA', '500', 1, 5, '1990-01-01 06:01:01', '1990-01-01 06:01:01', NULL),
(262, 'OTANCHE', '507', 1, 5, '1990-01-01 06:01:01', '1990-01-01 06:01:01', NULL),
(263, 'PACHAVITA', '511', 1, 5, '1990-01-01 06:01:01', '1990-01-01 06:01:01', NULL),
(264, 'PAEZ', '514', 1, 5, '1990-01-01 06:01:01', '1990-01-01 06:01:01', NULL),
(265, 'PAIPA', '516', 1, 5, '1990-01-01 06:01:01', '1990-01-01 06:01:01', NULL),
(266, 'PAJARITO', '518', 1, 5, '1990-01-01 06:01:01', '1990-01-01 06:01:01', NULL),
(267, 'PANQUEBA', '522', 1, 5, '1990-01-01 06:01:01', '1990-01-01 06:01:01', NULL),
(268, 'PAUNA', '531', 1, 5, '1990-01-01 06:01:01', '1990-01-01 06:01:01', NULL),
(269, 'PAYA', '533', 1, 5, '1990-01-01 06:01:01', '1990-01-01 06:01:01', NULL),
(270, 'PAZ DE RIO', '537', 1, 5, '1990-01-01 06:01:01', '1990-01-01 06:01:01', NULL),
(271, 'PESCA', '542', 1, 5, '1990-01-01 06:01:01', '1990-01-01 06:01:01', NULL),
(272, 'PISBA', '550', 1, 5, '1990-01-01 06:01:01', '1990-01-01 06:01:01', NULL),
(273, 'PUERTO BOYACA', '572', 1, 5, '1990-01-01 06:01:01', '1990-01-01 06:01:01', NULL),
(274, 'QUIPAMA', '580', 1, 5, '1990-01-01 06:01:01', '1990-01-01 06:01:01', NULL),
(275, 'RAMIRIQUI', '599', 1, 5, '1990-01-01 06:01:01', '1990-01-01 06:01:01', NULL),
(276, 'RAQUIRA', '600', 1, 5, '1990-01-01 06:01:01', '1990-01-01 06:01:01', NULL),
(277, 'RONDON', '621', 1, 5, '1990-01-01 06:01:01', '1990-01-01 06:01:01', NULL),
(278, 'SABOYA', '632', 1, 5, '1990-01-01 06:01:01', '1990-01-01 06:01:01', NULL),
(279, 'SACHICA', '638', 1, 5, '1990-01-01 06:01:01', '1990-01-01 06:01:01', NULL),
(280, 'SAMACA', '646', 1, 5, '1990-01-01 06:01:01', '1990-01-01 06:01:01', NULL),
(281, 'SAN EDUARDO', '660', 1, 5, '1990-01-01 06:01:01', '1990-01-01 06:01:01', NULL),
(282, 'SAN JOSE DE PARE', '664', 1, 5, '1990-01-01 06:01:01', '1990-01-01 06:01:01', NULL),
(283, 'SAN LUIS DE GACENO', '667', 1, 5, '1990-01-01 06:01:01', '1990-01-01 06:01:01', NULL),
(284, 'SAN MATEO', '673', 1, 5, '1990-01-01 06:01:01', '1990-01-01 06:01:01', NULL),
(285, 'SAN MIGUEL DE SEMA', '676', 1, 5, '1990-01-01 06:01:01', '1990-01-01 06:01:01', NULL),
(286, 'SAN PABLO DE BORBUR', '681', 1, 5, '1990-01-01 06:01:01', '1990-01-01 06:01:01', NULL),
(287, 'SANTANA', '686', 1, 5, '1990-01-01 06:01:01', '1990-01-01 06:01:01', NULL),
(288, 'SANTA MARIA', '690', 1, 5, '1990-01-01 06:01:01', '1990-01-01 06:01:01', NULL),
(289, 'SANTA ROSA DE VITERBO', '693', 1, 5, '1990-01-01 06:01:01', '1990-01-01 06:01:01', NULL),
(290, 'SANTA SOFIA', '696', 1, 5, '1990-01-01 06:01:01', '1990-01-01 06:01:01', NULL),
(291, 'SATIVANORTE', '720', 1, 5, '1990-01-01 06:01:01', '1990-01-01 06:01:01', NULL),
(292, 'SATIVASUR', '723', 1, 5, '1990-01-01 06:01:01', '1990-01-01 06:01:01', NULL),
(293, 'SIACHOQUE', '740', 1, 5, '1990-01-01 06:01:01', '1990-01-01 06:01:01', NULL),
(294, 'SOATA', '753', 1, 5, '1990-01-01 06:01:01', '1990-01-01 06:01:01', NULL),
(295, 'SOCOTA', '755', 1, 5, '1990-01-01 06:01:01', '1990-01-01 06:01:01', NULL),
(296, 'SOCHA', '757', 1, 5, '1990-01-01 06:01:01', '1990-01-01 06:01:01', NULL),
(297, 'SOGAMOSO', '759', 1, 5, '1990-01-01 06:01:01', '1990-01-01 06:01:01', NULL),
(298, 'SOMONDOCO', '761', 1, 5, '1990-01-01 06:01:01', '1990-01-01 06:01:01', NULL),
(299, 'SORA', '762', 1, 5, '1990-01-01 06:01:01', '1990-01-01 06:01:01', NULL),
(300, 'SOTAQUIRA', '763', 1, 5, '1990-01-01 06:01:01', '1990-01-01 06:01:01', NULL),
(301, 'SORACA', '764', 1, 5, '1990-01-01 06:01:01', '1990-01-01 06:01:01', NULL),
(302, 'SUSACON', '774', 1, 5, '1990-01-01 06:01:01', '1990-01-01 06:01:01', NULL),
(303, 'SUTAMARCHAN', '776', 1, 5, '1990-01-01 06:01:01', '1990-01-01 06:01:01', NULL),
(304, 'SUTATENZA', '778', 1, 5, '1990-01-01 06:01:01', '1990-01-01 06:01:01', NULL),
(305, 'TASCO', '790', 1, 5, '1990-01-01 06:01:01', '1990-01-01 06:01:01', NULL),
(306, 'TENZA', '798', 1, 5, '1990-01-01 06:01:01', '1990-01-01 06:01:01', NULL),
(307, 'TIBANA', '804', 1, 5, '1990-01-01 06:01:01', '1990-01-01 06:01:01', NULL),
(308, 'TIBASOSA', '806', 1, 5, '1990-01-01 06:01:01', '1990-01-01 06:01:01', NULL),
(309, 'TINJACA', '808', 1, 5, '1990-01-01 06:01:01', '1990-01-01 06:01:01', NULL),
(310, 'TIPACOQUE', '810', 1, 5, '1990-01-01 06:01:01', '1990-01-01 06:01:01', NULL),
(311, 'TOCA', '814', 1, 5, '1990-01-01 06:01:01', '1990-01-01 06:01:01', NULL),
(312, 'TOGsI', '816', 1, 5, '1990-01-01 06:01:01', '1990-01-01 06:01:01', NULL),
(313, 'TOPAGA', '820', 1, 5, '1990-01-01 06:01:01', '1990-01-01 06:01:01', NULL),
(314, 'TOTA', '822', 1, 5, '1990-01-01 06:01:01', '1990-01-01 06:01:01', NULL),
(315, 'TUNUNGUA', '832', 1, 5, '1990-01-01 06:01:01', '1990-01-01 06:01:01', NULL),
(316, 'TURMEQUE', '835', 1, 5, '1990-01-01 06:01:01', '1990-01-01 06:01:01', NULL),
(317, 'TUTA', '837', 1, 5, '1990-01-01 06:01:01', '1990-01-01 06:01:01', NULL),
(318, 'TUTAZA', '839', 1, 5, '1990-01-01 06:01:01', '1990-01-01 06:01:01', NULL),
(319, 'UMBITA', '842', 1, 5, '1990-01-01 06:01:01', '1990-01-01 06:01:01', NULL),
(320, 'VENTAQUEMADA', '861', 1, 5, '1990-01-01 06:01:01', '1990-01-01 06:01:01', NULL),
(321, 'VIRACACHA', '879', 1, 5, '1990-01-01 06:01:01', '1990-01-01 06:01:01', NULL),
(322, 'ZETAQUIRA', '897', 1, 5, '1990-01-01 06:01:01', '1990-01-01 06:01:01', NULL),
(323, 'MANIZALES', '001', 1, 6, '1990-01-01 06:01:01', '1990-01-01 06:01:01', NULL),
(324, 'AGUADAS', '013', 1, 6, '1990-01-01 06:01:01', '1990-01-01 06:01:01', NULL),
(325, 'ANSERMA', '042', 1, 6, '1990-01-01 06:01:01', '1990-01-01 06:01:01', NULL),
(326, 'ARANZAZU', '050', 1, 6, '1990-01-01 06:01:01', '1990-01-01 06:01:01', NULL),
(327, 'BELALCAZAR', '088', 1, 6, '1990-01-01 06:01:01', '1990-01-01 06:01:01', NULL),
(328, 'CHINCHINA', '174', 1, 6, '1990-01-01 06:01:01', '1990-01-01 06:01:01', NULL),
(329, 'FILADELFIA', '272', 1, 6, '1990-01-01 06:01:01', '1990-01-01 06:01:01', NULL),
(330, 'LA DORADA', '380', 1, 6, '1990-01-01 06:01:01', '1990-01-01 06:01:01', NULL),
(331, 'LA MERCED', '388', 1, 6, '1990-01-01 06:01:01', '1990-01-01 06:01:01', NULL),
(332, 'MANZANARES', '433', 1, 6, '1990-01-01 06:01:01', '1990-01-01 06:01:01', NULL),
(333, 'MARMATO', '442', 1, 6, '1990-01-01 06:01:01', '1990-01-01 06:01:01', NULL),
(334, 'MARQUETALIA', '444', 1, 6, '1990-01-01 06:01:01', '1990-01-01 06:01:01', NULL),
(335, 'MARULANDA', '446', 1, 6, '1990-01-01 06:01:01', '1990-01-01 06:01:01', NULL),
(336, 'NEIRA', '486', 1, 6, '1990-01-01 06:01:01', '1990-01-01 06:01:01', NULL),
(337, 'NORCASIA', '495', 1, 6, '1990-01-01 06:01:01', '1990-01-01 06:01:01', NULL),
(338, 'PACORA', '513', 1, 6, '1990-01-01 06:01:01', '1990-01-01 06:01:01', NULL),
(339, 'PALESTINA', '524', 1, 6, '1990-01-01 06:01:01', '1990-01-01 06:01:01', NULL),
(340, 'PENSILVANIA', '541', 1, 6, '1990-01-01 06:01:01', '1990-01-01 06:01:01', NULL),
(341, 'RIOSUCIO', '614', 1, 6, '1990-01-01 06:01:01', '1990-01-01 06:01:01', NULL),
(342, 'RISARALDA', '616', 1, 6, '1990-01-01 06:01:01', '1990-01-01 06:01:01', NULL),
(343, 'SALAMINA', '653', 1, 6, '1990-01-01 06:01:01', '1990-01-01 06:01:01', NULL),
(344, 'SAMANA', '662', 1, 6, '1990-01-01 06:01:01', '1990-01-01 06:01:01', NULL),
(345, 'SAN JOSE', '665', 1, 6, '1990-01-01 06:01:01', '1990-01-01 06:01:01', NULL),
(346, 'SUPIA', '777', 1, 6, '1990-01-01 06:01:01', '1990-01-01 06:01:01', NULL),
(347, 'VICTORIA', '867', 1, 6, '1990-01-01 06:01:01', '1990-01-01 06:01:01', NULL),
(348, 'VILLAMARIA', '873', 1, 6, '1990-01-01 06:01:01', '1990-01-01 06:01:01', NULL),
(349, 'VITERBO', '877', 1, 6, '1990-01-01 06:01:01', '1990-01-01 06:01:01', NULL),
(350, 'FLORENCIA', '001', 1, 7, '1990-01-01 06:01:01', '1990-01-01 06:01:01', NULL),
(351, 'ALBANIA', '029', 1, 7, '1990-01-01 06:01:01', '1990-01-01 06:01:01', NULL),
(352, 'BELEN DE LOS ANDAQUIES', '094', 1, 7, '1990-01-01 06:01:01', '1990-01-01 06:01:01', NULL),
(353, 'CARTAGENA DEL CHAIRA', '150', 1, 7, '1990-01-01 06:01:01', '1990-01-01 06:01:01', NULL),
(354, 'CURILLO', '205', 1, 7, '1990-01-01 06:01:01', '1990-01-01 06:01:01', NULL),
(355, 'EL DONCELLO', '247', 1, 7, '1990-01-01 06:01:01', '1990-01-01 06:01:01', NULL),
(356, 'EL PAUJIL', '256', 1, 7, '1990-01-01 06:01:01', '1990-01-01 06:01:01', NULL),
(357, 'LA MONTAÑITA', '410', 1, 7, '1990-01-01 06:01:01', '1990-01-01 06:01:01', NULL),
(358, 'MILAN', '460', 1, 7, '1990-01-01 06:01:01', '1990-01-01 06:01:01', NULL),
(359, 'MORELIA', '479', 1, 7, '1990-01-01 06:01:01', '1990-01-01 06:01:01', NULL),
(360, 'PUERTO RICO', '592', 1, 7, '1990-01-01 06:01:01', '1990-01-01 06:01:01', NULL),
(361, 'SAN JOSE DEL FRAGUA', '610', 1, 7, '1990-01-01 06:01:01', '1990-01-01 06:01:01', NULL),
(362, 'SAN VICENTE DEL CAGUAN', '753', 1, 7, '1990-01-01 06:01:01', '1990-01-01 06:01:01', NULL),
(363, 'SOLANO', '756', 1, 7, '1990-01-01 06:01:01', '1990-01-01 06:01:01', NULL),
(364, 'SOLITA', '785', 1, 7, '1990-01-01 06:01:01', '1990-01-01 06:01:01', NULL),
(365, 'VALPARAISO', '860', 1, 7, '1990-01-01 06:01:01', '1990-01-01 06:01:01', NULL),
(366, 'POPAYAN', '001', 1, 8, '1990-01-01 06:01:01', '1990-01-01 06:01:01', NULL),
(367, 'ALMAGUER', '022', 1, 8, '1990-01-01 06:01:01', '1990-01-01 06:01:01', NULL),
(368, 'ARGELIA', '050', 1, 8, '1990-01-01 06:01:01', '1990-01-01 06:01:01', NULL),
(369, 'BALBOA', '075', 1, 8, '1990-01-01 06:01:01', '1990-01-01 06:01:01', NULL),
(370, 'BOLIVAR', '100', 1, 8, '1990-01-01 06:01:01', '1990-01-01 06:01:01', NULL),
(371, 'BUENOS AIRES', '110', 1, 8, '1990-01-01 06:01:01', '1990-01-01 06:01:01', NULL),
(372, 'CAJIBIO', '130', 1, 8, '1990-01-01 06:01:01', '1990-01-01 06:01:01', NULL),
(373, 'CALDONO', '137', 1, 8, '1990-01-01 06:01:01', '1990-01-01 06:01:01', NULL),
(374, 'CALOTO', '142', 1, 8, '1990-01-01 06:01:01', '1990-01-01 06:01:01', NULL),
(375, 'CORINTO', '212', 1, 8, '1990-01-01 06:01:01', '1990-01-01 06:01:01', NULL),
(376, 'EL TAMBO', '256', 1, 8, '1990-01-01 06:01:01', '1990-01-01 06:01:01', NULL),
(377, 'FLORENCIA', '290', 1, 8, '1990-01-01 06:01:01', '1990-01-01 06:01:01', NULL),
(378, 'GUACHENE', '300', 1, 8, '1990-01-01 06:01:01', '1990-01-01 06:01:01', NULL),
(379, 'GUAPI', '318', 1, 8, '1990-01-01 06:01:01', '1990-01-01 06:01:01', NULL),
(380, 'INZA', '355', 1, 8, '1990-01-01 06:01:01', '1990-01-01 06:01:01', NULL),
(381, 'JAMBALO', '364', 1, 8, '1990-01-01 06:01:01', '1990-01-01 06:01:01', NULL),
(382, 'LA SIERRA', '392', 1, 8, '1990-01-01 06:01:01', '1990-01-01 06:01:01', NULL),
(383, 'LA VEGA', '397', 1, 8, '1990-01-01 06:01:01', '1990-01-01 06:01:01', NULL),
(384, 'LOPEZ', '418', 1, 8, '1990-01-01 06:01:01', '1990-01-01 06:01:01', NULL),
(385, 'MERCADERES', '450', 1, 8, '1990-01-01 06:01:01', '1990-01-01 06:01:01', NULL),
(386, 'MIRANDA', '455', 1, 8, '1990-01-01 06:01:01', '1990-01-01 06:01:01', NULL),
(387, 'MORALES', '473', 1, 8, '1990-01-01 06:01:01', '1990-01-01 06:01:01', NULL),
(388, 'PADILLA', '513', 1, 8, '1990-01-01 06:01:01', '1990-01-01 06:01:01', NULL),
(389, 'PAEZ', '517', 1, 8, '1990-01-01 06:01:01', '1990-01-01 06:01:01', NULL),
(390, 'PATIA', '532', 1, 8, '1990-01-01 06:01:01', '1990-01-01 06:01:01', NULL),
(391, 'PIAMONTE', '533', 1, 8, '1990-01-01 06:01:01', '1990-01-01 06:01:01', NULL),
(392, 'PIENDAMO', '548', 1, 8, '1990-01-01 06:01:01', '1990-01-01 06:01:01', NULL),
(393, 'PUERTO TEJADA', '573', 1, 8, '1990-01-01 06:01:01', '1990-01-01 06:01:01', NULL),
(394, 'PURACE', '585', 1, 8, '1990-01-01 06:01:01', '1990-01-01 06:01:01', NULL),
(395, 'ROSAS', '622', 1, 8, '1990-01-01 06:01:01', '1990-01-01 06:01:01', NULL),
(396, 'SAN SEBASTIAN', '693', 1, 8, '1990-01-01 06:01:01', '1990-01-01 06:01:01', NULL),
(397, 'SANTANDER DE QUILICHAO', '698', 1, 8, '1990-01-01 06:01:01', '1990-01-01 06:01:01', NULL),
(398, 'SANTA ROSA', '701', 1, 8, '1990-01-01 06:01:01', '1990-01-01 06:01:01', NULL),
(399, 'SILVIA', '743', 1, 8, '1990-01-01 06:01:01', '1990-01-01 06:01:01', NULL),
(400, 'SOTARA', '760', 1, 8, '1990-01-01 06:01:01', '1990-01-01 06:01:01', NULL),
(401, 'SUAREZ', '780', 1, 8, '1990-01-01 06:01:01', '1990-01-01 06:01:01', NULL),
(402, 'SUCRE', '785', 1, 8, '1990-01-01 06:01:01', '1990-01-01 06:01:01', NULL),
(403, 'TIMBIO', '807', 1, 8, '1990-01-01 06:01:01', '1990-01-01 06:01:01', NULL),
(404, 'TIMBIQUI', '809', 1, 8, '1990-01-01 06:01:01', '1990-01-01 06:01:01', NULL),
(405, 'TORIBIO', '821', 1, 8, '1990-01-01 06:01:01', '1990-01-01 06:01:01', NULL),
(406, 'TOTORO', '824', 1, 8, '1990-01-01 06:01:01', '1990-01-01 06:01:01', NULL),
(407, 'VILLA RICA', '845', 1, 8, '1990-01-01 06:01:01', '1990-01-01 06:01:01', NULL),
(408, 'VALLEDUPAR', '001', 1, 9, '1990-01-01 06:01:01', '1990-01-01 06:01:01', NULL),
(409, 'AGUACHICA', '011', 1, 9, '1990-01-01 06:01:01', '1990-01-01 06:01:01', NULL),
(410, 'AGUSTIN CODAZZI', '013', 1, 9, '1990-01-01 06:01:01', '1990-01-01 06:01:01', NULL),
(411, 'ASTREA', '032', 1, 9, '1990-01-01 06:01:01', '1990-01-01 06:01:01', NULL),
(412, 'BECERRIL', '045', 1, 9, '1990-01-01 06:01:01', '1990-01-01 06:01:01', NULL),
(413, 'BOSCONIA', '060', 1, 9, '1990-01-01 06:01:01', '1990-01-01 06:01:01', NULL),
(414, 'CHIMICHAGUA', '175', 1, 9, '1990-01-01 06:01:01', '1990-01-01 06:01:01', NULL),
(415, 'CHIRIGUANA', '178', 1, 9, '1990-01-01 06:01:01', '1990-01-01 06:01:01', NULL),
(416, 'CURUMANI', '228', 1, 9, '1990-01-01 06:01:01', '1990-01-01 06:01:01', NULL),
(417, 'EL COPEY', '238', 1, 9, '1990-01-01 06:01:01', '1990-01-01 06:01:01', NULL),
(418, 'EL PASO', '250', 1, 9, '1990-01-01 06:01:01', '1990-01-01 06:01:01', NULL),
(419, 'GAMARRA', '295', 1, 9, '1990-01-01 06:01:01', '1990-01-01 06:01:01', NULL),
(420, 'GONZALEZ', '310', 1, 9, '1990-01-01 06:01:01', '1990-01-01 06:01:01', NULL),
(421, 'LA GLORIA', '383', 1, 9, '1990-01-01 06:01:01', '1990-01-01 06:01:01', NULL),
(422, 'LA JAGUA DE IBIRICO', '400', 1, 9, '1990-01-01 06:01:01', '1990-01-01 06:01:01', NULL),
(423, 'MANAURE', '443', 1, 9, '1990-01-01 06:01:01', '1990-01-01 06:01:01', NULL),
(424, 'PAILITAS', '517', 1, 9, '1990-01-01 06:01:01', '1990-01-01 06:01:01', NULL),
(425, 'PELAYA', '550', 1, 9, '1990-01-01 06:01:01', '1990-01-01 06:01:01', NULL),
(426, 'PUEBLO BELLO', '570', 1, 9, '1990-01-01 06:01:01', '1990-01-01 06:01:01', NULL),
(427, 'RIO DE ORO', '614', 1, 9, '1990-01-01 06:01:01', '1990-01-01 06:01:01', NULL),
(428, 'LA PAZ', '621', 1, 9, '1990-01-01 06:01:01', '1990-01-01 06:01:01', NULL),
(429, 'SAN ALBERTO', '710', 1, 9, '1990-01-01 06:01:01', '1990-01-01 06:01:01', NULL),
(430, 'SAN DIEGO', '750', 1, 9, '1990-01-01 06:01:01', '1990-01-01 06:01:01', NULL),
(431, 'SAN MARTIN', '770', 1, 9, '1990-01-01 06:01:01', '1990-01-01 06:01:01', NULL),
(432, 'TAMALAMEQUE', '787', 1, 9, '1990-01-01 06:01:01', '1990-01-01 06:01:01', NULL),
(433, 'MONTERIA', '001', 1, 10, '1990-01-01 06:01:01', '1990-01-01 06:01:01', NULL),
(434, 'AYAPEL', '068', 1, 10, '1990-01-01 06:01:01', '1990-01-01 06:01:01', NULL),
(435, 'BUENAVISTA', '079', 1, 10, '1990-01-01 06:01:01', '1990-01-01 06:01:01', NULL),
(436, 'CANALETE', '090', 1, 10, '1990-01-01 06:01:01', '1990-01-01 06:01:01', NULL),
(437, 'CERETE', '162', 1, 10, '1990-01-01 06:01:01', '1990-01-01 06:01:01', NULL),
(438, 'CHIMA', '168', 1, 10, '1990-01-01 06:01:01', '1990-01-01 06:01:01', NULL),
(439, 'CHINU', '182', 1, 10, '1990-01-01 06:01:01', '1990-01-01 06:01:01', NULL),
(440, 'CIENAGA DE ORO', '189', 1, 10, '1990-01-01 06:01:01', '1990-01-01 06:01:01', NULL),
(441, 'COTORRA', '300', 1, 10, '1990-01-01 06:01:01', '1990-01-01 06:01:01', NULL),
(442, 'LA APARTADA', '350', 1, 10, '1990-01-01 06:01:01', '1990-01-01 06:01:01', NULL),
(443, 'LORICA', '417', 1, 10, '1990-01-01 06:01:01', '1990-01-01 06:01:01', NULL),
(444, 'LOS CORDOBAS', '419', 1, 10, '1990-01-01 06:01:01', '1990-01-01 06:01:01', NULL),
(445, 'MOMIL', '464', 1, 10, '1990-01-01 06:01:01', '1990-01-01 06:01:01', NULL),
(446, 'MONTELIBANO', '466', 1, 10, '1990-01-01 06:01:01', '1990-01-01 06:01:01', NULL),
(447, 'MOÑITOS', '500', 1, 10, '1990-01-01 06:01:01', '1990-01-01 06:01:01', NULL),
(448, 'PLANETA RICA', '555', 1, 10, '1990-01-01 06:01:01', '1990-01-01 06:01:01', NULL),
(449, 'PUEBLO NUEVO', '570', 1, 10, '1990-01-01 06:01:01', '1990-01-01 06:01:01', NULL),
(450, 'PUERTO ESCONDIDO', '574', 1, 10, '1990-01-01 06:01:01', '1990-01-01 06:01:01', NULL),
(451, 'PUERTO LIBERTADOR', '580', 1, 10, '1990-01-01 06:01:01', '1990-01-01 06:01:01', NULL),
(452, 'PURISIMA', '586', 1, 10, '1990-01-01 06:01:01', '1990-01-01 06:01:01', NULL),
(453, 'SAHAGUN', '660', 1, 10, '1990-01-01 06:01:01', '1990-01-01 06:01:01', NULL),
(454, 'SAN ANDRES SOTAVENTO', '670', 1, 10, '1990-01-01 06:01:01', '1990-01-01 06:01:01', NULL),
(455, 'SAN ANTERO', '672', 1, 10, '1990-01-01 06:01:01', '1990-01-01 06:01:01', NULL),
(456, 'SAN BERNARDO DEL VIENTO', '675', 1, 10, '1990-01-01 06:01:01', '1990-01-01 06:01:01', NULL),
(457, 'SAN CARLOS', '678', 1, 10, '1990-01-01 06:01:01', '1990-01-01 06:01:01', NULL),
(458, 'SAN PELAYO', '686', 1, 10, '1990-01-01 06:01:01', '1990-01-01 06:01:01', NULL),
(459, 'TIERRALTA', '807', 1, 10, '1990-01-01 06:01:01', '1990-01-01 06:01:01', NULL),
(460, 'VALENCIA', '855', 1, 10, '1990-01-01 06:01:01', '1990-01-01 06:01:01', NULL),
(461, 'AGUA DE DIOS', '001', 1, 11, '1990-01-01 06:01:01', '1990-01-01 06:01:01', NULL),
(462, 'ALBAN', '019', 1, 11, '1990-01-01 06:01:01', '1990-01-01 06:01:01', NULL),
(463, 'ANAPOIMA', '035', 1, 11, '1990-01-01 06:01:01', '1990-01-01 06:01:01', NULL),
(464, 'ANOLAIMA', '040', 1, 11, '1990-01-01 06:01:01', '1990-01-01 06:01:01', NULL),
(465, 'ARBELAEZ', '053', 1, 11, '1990-01-01 06:01:01', '1990-01-01 06:01:01', NULL),
(466, 'BELTRAN', '086', 1, 11, '1990-01-01 06:01:01', '1990-01-01 06:01:01', NULL),
(467, 'BITUIMA', '095', 1, 11, '1990-01-01 06:01:01', '1990-01-01 06:01:01', NULL),
(468, 'BOJACA', '099', 1, 11, '1990-01-01 06:01:01', '1990-01-01 06:01:01', NULL),
(469, 'CABRERA', '120', 1, 11, '1990-01-01 06:01:01', '1990-01-01 06:01:01', NULL),
(470, 'CACHIPAY', '123', 1, 11, '1990-01-01 06:01:01', '1990-01-01 06:01:01', NULL),
(471, 'CAJICA', '126', 1, 11, '1990-01-01 06:01:01', '1990-01-01 06:01:01', NULL),
(472, 'CAPARRAPI', '148', 1, 11, '1990-01-01 06:01:01', '1990-01-01 06:01:01', NULL),
(473, 'CAQUEZA', '151', 1, 11, '1990-01-01 06:01:01', '1990-01-01 06:01:01', NULL),
(474, 'CARMEN DE CARUPA', '154', 1, 11, '1990-01-01 06:01:01', '1990-01-01 06:01:01', NULL),
(475, 'CHAGUANI', '168', 1, 11, '1990-01-01 06:01:01', '1990-01-01 06:01:01', NULL),
(476, 'CHIA', '175', 1, 11, '1990-01-01 06:01:01', '1990-01-01 06:01:01', NULL),
(477, 'CHIPAQUE', '178', 1, 11, '1990-01-01 06:01:01', '1990-01-01 06:01:01', NULL),
(478, 'CHOACHI', '181', 1, 11, '1990-01-01 06:01:01', '1990-01-01 06:01:01', NULL),
(479, 'CHOCONTA', '183', 1, 11, '1990-01-01 06:01:01', '1990-01-01 06:01:01', NULL),
(480, 'COGUA', '200', 1, 11, '1990-01-01 06:01:01', '1990-01-01 06:01:01', NULL),
(481, 'COTA', '214', 1, 11, '1990-01-01 06:01:01', '1990-01-01 06:01:01', NULL),
(482, 'CUCUNUBA', '224', 1, 11, '1990-01-01 06:01:01', '1990-01-01 06:01:01', NULL),
(483, 'EL COLEGIO', '245', 1, 11, '1990-01-01 06:01:01', '1990-01-01 06:01:01', NULL),
(484, 'EL PEÑON', '258', 1, 11, '1990-01-01 06:01:01', '1990-01-01 06:01:01', NULL),
(485, 'EL ROSAL', '260', 1, 11, '1990-01-01 06:01:01', '1990-01-01 06:01:01', NULL),
(486, 'FACATATIVA', '269', 1, 11, '1990-01-01 06:01:01', '1990-01-01 06:01:01', NULL),
(487, 'FOMEQUE', '279', 1, 11, '1990-01-01 06:01:01', '1990-01-01 06:01:01', NULL),
(488, 'FOSCA', '281', 1, 11, '1990-01-01 06:01:01', '1990-01-01 06:01:01', NULL),
(489, 'FUNZA', '286', 1, 11, '1990-01-01 06:01:01', '1990-01-01 06:01:01', NULL),
(490, 'FUQUENE', '288', 1, 11, '1990-01-01 06:01:01', '1990-01-01 06:01:01', NULL),
(491, 'FUSAGASUGA', '290', 1, 11, '1990-01-01 06:01:01', '1990-01-01 06:01:01', NULL),
(492, 'GACHALA', '293', 1, 11, '1990-01-01 06:01:01', '1990-01-01 06:01:01', NULL),
(493, 'GACHANCIPA', '295', 1, 11, '1990-01-01 06:01:01', '1990-01-01 06:01:01', NULL),
(494, 'GACHETA', '297', 1, 11, '1990-01-01 06:01:01', '1990-01-01 06:01:01', NULL),
(495, 'GAMA', '299', 1, 11, '1990-01-01 06:01:01', '1990-01-01 06:01:01', NULL),
(496, 'GIRARDOT', '307', 1, 11, '1990-01-01 06:01:01', '1990-01-01 06:01:01', NULL),
(497, 'GRANADA', '312', 1, 11, '1990-01-01 06:01:01', '1990-01-01 06:01:01', NULL),
(498, 'GUACHETA', '317', 1, 11, '1990-01-01 06:01:01', '1990-01-01 06:01:01', NULL),
(499, 'GUADUAS', '320', 1, 11, '1990-01-01 06:01:01', '1990-01-01 06:01:01', NULL),
(500, 'GUASCA', '322', 1, 11, '1990-01-01 06:01:01', '1990-01-01 06:01:01', NULL),
(501, 'GUATAQUI', '324', 1, 11, '1990-01-01 06:01:01', '1990-01-01 06:01:01', NULL),
(502, 'GUATAVITA', '326', 1, 11, '1990-01-01 06:01:01', '1990-01-01 06:01:01', NULL),
(503, 'GUAYABAL DE SIQUIMA', '328', 1, 11, '1990-01-01 06:01:01', '1990-01-01 06:01:01', NULL),
(504, 'GUAYABETAL', '335', 1, 11, '1990-01-01 06:01:01', '1990-01-01 06:01:01', NULL),
(505, 'GUTIERREZ', '339', 1, 11, '1990-01-01 06:01:01', '1990-01-01 06:01:01', NULL),
(506, 'JERUSALEN', '368', 1, 11, '1990-01-01 06:01:01', '1990-01-01 06:01:01', NULL),
(507, 'JUNIN', '372', 1, 11, '1990-01-01 06:01:01', '1990-01-01 06:01:01', NULL),
(508, 'LA CALERA', '377', 1, 11, '1990-01-01 06:01:01', '1990-01-01 06:01:01', NULL),
(509, 'LA MESA', '386', 1, 11, '1990-01-01 06:01:01', '1990-01-01 06:01:01', NULL),
(510, 'LA PALMA', '394', 1, 11, '1990-01-01 06:01:01', '1990-01-01 06:01:01', NULL),
(511, 'LA PEÑA', '398', 1, 11, '1990-01-01 06:01:01', '1990-01-01 06:01:01', NULL),
(512, 'LA VEGA', '402', 1, 11, '1990-01-01 06:01:01', '1990-01-01 06:01:01', NULL),
(513, 'LENGUAZAQUE', '407', 1, 11, '1990-01-01 06:01:01', '1990-01-01 06:01:01', NULL),
(514, 'MACHETA', '426', 1, 11, '1990-01-01 06:01:01', '1990-01-01 06:01:01', NULL),
(515, 'MADRID', '430', 1, 11, '1990-01-01 06:01:01', '1990-01-01 06:01:01', NULL),
(516, 'MANTA', '436', 1, 11, '1990-01-01 06:01:01', '1990-01-01 06:01:01', NULL),
(517, 'MEDINA', '438', 1, 11, '1990-01-01 06:01:01', '1990-01-01 06:01:01', NULL),
(518, 'MOSQUERA', '473', 1, 11, '1990-01-01 06:01:01', '1990-01-01 06:01:01', NULL),
(519, 'NARIÑO', '483', 1, 11, '1990-01-01 06:01:01', '1990-01-01 06:01:01', NULL),
(520, 'NEMOCON', '486', 1, 11, '1990-01-01 06:01:01', '1990-01-01 06:01:01', NULL),
(521, 'NILO', '488', 1, 11, '1990-01-01 06:01:01', '1990-01-01 06:01:01', NULL),
(522, 'NIMAIMA', '489', 1, 11, '1990-01-01 06:01:01', '1990-01-01 06:01:01', NULL),
(523, 'NOCAIMA', '491', 1, 11, '1990-01-01 06:01:01', '1990-01-01 06:01:01', NULL),
(524, 'VENECIA', '506', 1, 11, '1990-01-01 06:01:01', '1990-01-01 06:01:01', NULL),
(525, 'PACHO', '513', 1, 11, '1990-01-01 06:01:01', '1990-01-01 06:01:01', NULL),
(526, 'PAIME', '518', 1, 11, '1990-01-01 06:01:01', '1990-01-01 06:01:01', NULL),
(527, 'PANDI', '524', 1, 11, '1990-01-01 06:01:01', '1990-01-01 06:01:01', NULL),
(528, 'PARATEBUENO', '530', 1, 11, '1990-01-01 06:01:01', '1990-01-01 06:01:01', NULL),
(529, 'PASCA', '535', 1, 11, '1990-01-01 06:01:01', '1990-01-01 06:01:01', NULL),
(530, 'PUERTO SALGAR', '572', 1, 11, '1990-01-01 06:01:01', '1990-01-01 06:01:01', NULL),
(531, 'PULI', '580', 1, 11, '1990-01-01 06:01:01', '1990-01-01 06:01:01', NULL),
(532, 'QUEBRADANEGRA', '592', 1, 11, '1990-01-01 06:01:01', '1990-01-01 06:01:01', NULL),
(533, 'QUETAME', '594', 1, 11, '1990-01-01 06:01:01', '1990-01-01 06:01:01', NULL),
(534, 'QUIPILE', '596', 1, 11, '1990-01-01 06:01:01', '1990-01-01 06:01:01', NULL),
(535, 'APULO', '599', 1, 11, '1990-01-01 06:01:01', '1990-01-01 06:01:01', NULL),
(536, 'RICAURTE', '612', 1, 11, '1990-01-01 06:01:01', '1990-01-01 06:01:01', NULL),
(537, 'SAN ANTONIO DEL TEQUENDAMA', '645', 1, 11, '1990-01-01 06:01:01', '1990-01-01 06:01:01', NULL),
(538, 'SAN BERNARDO', '649', 1, 11, '1990-01-01 06:01:01', '1990-01-01 06:01:01', NULL),
(539, 'SAN CAYETANO', '653', 1, 11, '1990-01-01 06:01:01', '1990-01-01 06:01:01', NULL),
(540, 'SAN FRANCISCO', '658', 1, 11, '1990-01-01 06:01:01', '1990-01-01 06:01:01', NULL),
(541, 'SAN JUAN DE RIO SECO', '662', 1, 11, '1990-01-01 06:01:01', '1990-01-01 06:01:01', NULL),
(542, 'SASAIMA', '718', 1, 11, '1990-01-01 06:01:01', '1990-01-01 06:01:01', NULL),
(543, 'SESQUILE', '736', 1, 11, '1990-01-01 06:01:01', '1990-01-01 06:01:01', NULL),
(544, 'SIBATE', '740', 1, 11, '1990-01-01 06:01:01', '1990-01-01 06:01:01', NULL),
(545, 'SILVANIA', '743', 1, 11, '1990-01-01 06:01:01', '1990-01-01 06:01:01', NULL),
(546, 'SIMIJACA', '745', 1, 11, '1990-01-01 06:01:01', '1990-01-01 06:01:01', NULL),
(547, 'SOACHA', '754', 1, 11, '1990-01-01 06:01:01', '1990-01-01 06:01:01', NULL),
(548, 'SOPO', '758', 1, 11, '1990-01-01 06:01:01', '1990-01-01 06:01:01', NULL),
(549, 'SUBACHOQUE', '769', 1, 11, '1990-01-01 06:01:01', '1990-01-01 06:01:01', NULL),
(550, 'SUESCA', '772', 1, 11, '1990-01-01 06:01:01', '1990-01-01 06:01:01', NULL),
(551, 'SUPATA', '777', 1, 11, '1990-01-01 06:01:01', '1990-01-01 06:01:01', NULL),
(552, 'SUSA', '779', 1, 11, '1990-01-01 06:01:01', '1990-01-01 06:01:01', NULL),
(553, 'SUTATAUSA', '781', 1, 11, '1990-01-01 06:01:01', '1990-01-01 06:01:01', NULL),
(554, 'TABIO', '785', 1, 11, '1990-01-01 06:01:01', '1990-01-01 06:01:01', NULL),
(555, 'TAUSA', '793', 1, 11, '1990-01-01 06:01:01', '1990-01-01 06:01:01', NULL),
(556, 'TENA', '797', 1, 11, '1990-01-01 06:01:01', '1990-01-01 06:01:01', NULL),
(557, 'TENJO', '799', 1, 11, '1990-01-01 06:01:01', '1990-01-01 06:01:01', NULL),
(558, 'TIBACUY', '805', 1, 11, '1990-01-01 06:01:01', '1990-01-01 06:01:01', NULL),
(559, 'TIBIRITA', '807', 1, 11, '1990-01-01 06:01:01', '1990-01-01 06:01:01', NULL),
(560, 'TOCAIMA', '815', 1, 11, '1990-01-01 06:01:01', '1990-01-01 06:01:01', NULL),
(561, 'TOCANCIPA', '817', 1, 11, '1990-01-01 06:01:01', '1990-01-01 06:01:01', NULL),
(562, 'TOPAIPI', '823', 1, 11, '1990-01-01 06:01:01', '1990-01-01 06:01:01', NULL),
(563, 'UBALA', '839', 1, 11, '1990-01-01 06:01:01', '1990-01-01 06:01:01', NULL),
(564, 'UBAQUE', '841', 1, 11, '1990-01-01 06:01:01', '1990-01-01 06:01:01', NULL),
(565, 'VILLA DE SAN DIEGO DE UBATE', '843', 1, 11, '1990-01-01 06:01:01', '1990-01-01 06:01:01', NULL),
(566, 'UNE', '845', 1, 11, '1990-01-01 06:01:01', '1990-01-01 06:01:01', NULL),
(567, 'UTICA', '851', 1, 11, '1990-01-01 06:01:01', '1990-01-01 06:01:01', NULL),
(568, 'VERGARA', '862', 1, 11, '1990-01-01 06:01:01', '1990-01-01 06:01:01', NULL),
(569, 'VIANI', '867', 1, 11, '1990-01-01 06:01:01', '1990-01-01 06:01:01', NULL),
(570, 'VILLAGOMEZ', '871', 1, 11, '1990-01-01 06:01:01', '1990-01-01 06:01:01', NULL),
(571, 'VILLAPINZON', '873', 1, 11, '1990-01-01 06:01:01', '1990-01-01 06:01:01', NULL),
(572, 'VILLETA', '875', 1, 11, '1990-01-01 06:01:01', '1990-01-01 06:01:01', NULL),
(573, 'VIOTA', '878', 1, 11, '1990-01-01 06:01:01', '1990-01-01 06:01:01', NULL),
(574, 'YACOPI', '885', 1, 11, '1990-01-01 06:01:01', '1990-01-01 06:01:01', NULL),
(575, 'ZIPACON', '898', 1, 11, '1990-01-01 06:01:01', '1990-01-01 06:01:01', NULL),
(576, 'ZIPAQUIRA', '899', 1, 11, '1990-01-01 06:01:01', '1990-01-01 06:01:01', NULL),
(577, 'QUIBDO', '001', 1, 12, '1990-01-01 06:01:01', '1990-01-01 06:01:01', NULL),
(578, 'ACANDI', '006', 1, 12, '1990-01-01 06:01:01', '1990-01-01 06:01:01', NULL),
(579, 'ALTO BAUDO', '025', 1, 12, '1990-01-01 06:01:01', '1990-01-01 06:01:01', NULL),
(580, 'ATRATO', '050', 1, 12, '1990-01-01 06:01:01', '1990-01-01 06:01:01', NULL),
(581, 'BAGADO', '073', 1, 12, '1990-01-01 06:01:01', '1990-01-01 06:01:01', NULL),
(582, 'BAHIA SOLANO', '075', 1, 12, '1990-01-01 06:01:01', '1990-01-01 06:01:01', NULL),
(583, 'BAJO BAUDO', '077', 1, 12, '1990-01-01 06:01:01', '1990-01-01 06:01:01', NULL),
(584, 'BOJAYA', '099', 1, 12, '1990-01-01 06:01:01', '1990-01-01 06:01:01', NULL),
(585, 'EL CANTON DEL SAN PABLO', '135', 1, 12, '1990-01-01 06:01:01', '1990-01-01 06:01:01', NULL),
(586, 'CARMEN DEL DARIEN', '150', 1, 12, '1990-01-01 06:01:01', '1990-01-01 06:01:01', NULL),
(587, 'CERTEGUI', '160', 1, 12, '1990-01-01 06:01:01', '1990-01-01 06:01:01', NULL),
(588, 'CONDOTO', '205', 1, 12, '1990-01-01 06:01:01', '1990-01-01 06:01:01', NULL),
(589, 'EL CARMEN DE ATRATO', '245', 1, 12, '1990-01-01 06:01:01', '1990-01-01 06:01:01', NULL),
(590, 'EL LITORAL DEL SAN JUAN', '250', 1, 12, '1990-01-01 06:01:01', '1990-01-01 06:01:01', NULL),
(591, 'ISTMINA', '361', 1, 12, '1990-01-01 06:01:01', '1990-01-01 06:01:01', NULL),
(592, 'JURADO', '372', 1, 12, '1990-01-01 06:01:01', '1990-01-01 06:01:01', NULL),
(593, 'LLORO', '413', 1, 12, '1990-01-01 06:01:01', '1990-01-01 06:01:01', NULL),
(594, 'MEDIO ATRATO', '425', 1, 12, '1990-01-01 06:01:01', '1990-01-01 06:01:01', NULL),
(595, 'MEDIO BAUDO', '430', 1, 12, '1990-01-01 06:01:01', '1990-01-01 06:01:01', NULL),
(596, 'MEDIO SAN JUAN', '450', 1, 12, '1990-01-01 06:01:01', '1990-01-01 06:01:01', NULL),
(597, 'NOVITA', '491', 1, 12, '1990-01-01 06:01:01', '1990-01-01 06:01:01', NULL),
(598, 'NUQUI', '495', 1, 12, '1990-01-01 06:01:01', '1990-01-01 06:01:01', NULL),
(599, 'RIO IRO', '580', 1, 12, '1990-01-01 06:01:01', '1990-01-01 06:01:01', NULL),
(600, 'RIO QUITO', '600', 1, 12, '1990-01-01 06:01:01', '1990-01-01 06:01:01', NULL),
(601, 'RIOSUCIO', '615', 1, 12, '1990-01-01 06:01:01', '1990-01-01 06:01:01', NULL),
(602, 'SAN JOSE DEL PALMAR', '660', 1, 12, '1990-01-01 06:01:01', '1990-01-01 06:01:01', NULL);
INSERT INTO `ciudad` (`id`, `nombre`, `codigo_ref`, `nativo`, `departamento_id`, `created_at`, `updated_at`, `deleted_at`) VALUES
(603, 'SIPI', '745', 1, 12, '1990-01-01 06:01:01', '1990-01-01 06:01:01', NULL),
(604, 'TADO', '787', 1, 12, '1990-01-01 06:01:01', '1990-01-01 06:01:01', NULL),
(605, 'UNGUIA', '800', 1, 12, '1990-01-01 06:01:01', '1990-01-01 06:01:01', NULL),
(606, 'UNION PANAMERICANA', '810', 1, 12, '1990-01-01 06:01:01', '1990-01-01 06:01:01', NULL),
(607, 'NEIVA', '001', 1, 13, '1990-01-01 06:01:01', '1990-01-01 06:01:01', NULL),
(608, 'ACEVEDO', '006', 1, 13, '1990-01-01 06:01:01', '1990-01-01 06:01:01', NULL),
(609, 'AGRADO', '013', 1, 13, '1990-01-01 06:01:01', '1990-01-01 06:01:01', NULL),
(610, 'AIPE', '016', 1, 13, '1990-01-01 06:01:01', '1990-01-01 06:01:01', NULL),
(611, 'ALGECIRAS', '020', 1, 13, '1990-01-01 06:01:01', '1990-01-01 06:01:01', NULL),
(612, 'ALTAMIRA', '026', 1, 13, '1990-01-01 06:01:01', '1990-01-01 06:01:01', NULL),
(613, 'BARAYA', '078', 1, 13, '1990-01-01 06:01:01', '1990-01-01 06:01:01', NULL),
(614, 'CAMPOALEGRE', '132', 1, 13, '1990-01-01 06:01:01', '1990-01-01 06:01:01', NULL),
(615, 'COLOMBIA', '206', 1, 13, '1990-01-01 06:01:01', '1990-01-01 06:01:01', NULL),
(616, 'ELIAS', '244', 1, 13, '1990-01-01 06:01:01', '1990-01-01 06:01:01', NULL),
(617, 'GARZON', '298', 1, 13, '1990-01-01 06:01:01', '1990-01-01 06:01:01', NULL),
(618, 'GIGANTE', '306', 1, 13, '1990-01-01 06:01:01', '1990-01-01 06:01:01', NULL),
(619, 'GUADALUPE', '319', 1, 13, '1990-01-01 06:01:01', '1990-01-01 06:01:01', NULL),
(620, 'HOBO', '349', 1, 13, '1990-01-01 06:01:01', '1990-01-01 06:01:01', NULL),
(621, 'IQUIRA', '357', 1, 13, '1990-01-01 06:01:01', '1990-01-01 06:01:01', NULL),
(622, 'ISNOS', '359', 1, 13, '1990-01-01 06:01:01', '1990-01-01 06:01:01', NULL),
(623, 'LA ARGENTINA', '378', 1, 13, '1990-01-01 06:01:01', '1990-01-01 06:01:01', NULL),
(624, 'LA PLATA', '396', 1, 13, '1990-01-01 06:01:01', '1990-01-01 06:01:01', NULL),
(625, 'NATAGA', '483', 1, 13, '1990-01-01 06:01:01', '1990-01-01 06:01:01', NULL),
(626, 'OPORAPA', '503', 1, 13, '1990-01-01 06:01:01', '1990-01-01 06:01:01', NULL),
(627, 'PAICOL', '518', 1, 13, '1990-01-01 06:01:01', '1990-01-01 06:01:01', NULL),
(628, 'PALERMO', '524', 1, 13, '1990-01-01 06:01:01', '1990-01-01 06:01:01', NULL),
(629, 'PALESTINA', '530', 1, 13, '1990-01-01 06:01:01', '1990-01-01 06:01:01', NULL),
(630, 'PITAL', '548', 1, 13, '1990-01-01 06:01:01', '1990-01-01 06:01:01', NULL),
(631, 'PITALITO', '551', 1, 13, '1990-01-01 06:01:01', '1990-01-01 06:01:01', NULL),
(632, 'RIVERA', '615', 1, 13, '1990-01-01 06:01:01', '1990-01-01 06:01:01', NULL),
(633, 'SALADOBLANCO', '660', 1, 13, '1990-01-01 06:01:01', '1990-01-01 06:01:01', NULL),
(634, 'SAN AGUSTIN', '668', 1, 13, '1990-01-01 06:01:01', '1990-01-01 06:01:01', NULL),
(635, 'SANTA MARIA', '676', 1, 13, '1990-01-01 06:01:01', '1990-01-01 06:01:01', NULL),
(636, 'SUAZA', '770', 1, 13, '1990-01-01 06:01:01', '1990-01-01 06:01:01', NULL),
(637, 'TARQUI', '791', 1, 13, '1990-01-01 06:01:01', '1990-01-01 06:01:01', NULL),
(638, 'TESALIA', '797', 1, 13, '1990-01-01 06:01:01', '1990-01-01 06:01:01', NULL),
(639, 'TELLO', '799', 1, 13, '1990-01-01 06:01:01', '1990-01-01 06:01:01', NULL),
(640, 'TERUEL', '801', 1, 13, '1990-01-01 06:01:01', '1990-01-01 06:01:01', NULL),
(641, 'TIMANA', '807', 1, 13, '1990-01-01 06:01:01', '1990-01-01 06:01:01', NULL),
(642, 'VILLAVIEJA', '872', 1, 13, '1990-01-01 06:01:01', '1990-01-01 06:01:01', NULL),
(643, 'YAGUARA', '885', 1, 13, '1990-01-01 06:01:01', '1990-01-01 06:01:01', NULL),
(644, 'RIOHACHA', '001', 1, 14, '1990-01-01 06:01:01', '1990-01-01 06:01:01', NULL),
(645, 'ALBANIA', '035', 1, 14, '1990-01-01 06:01:01', '1990-01-01 06:01:01', NULL),
(646, 'BARRANCAS', '078', 1, 14, '1990-01-01 06:01:01', '1990-01-01 06:01:01', NULL),
(647, 'DIBULLA', '090', 1, 14, '1990-01-01 06:01:01', '1990-01-01 06:01:01', NULL),
(648, 'DISTRACCION', '098', 1, 14, '1990-01-01 06:01:01', '1990-01-01 06:01:01', NULL),
(649, 'EL MOLINO', '110', 1, 14, '1990-01-01 06:01:01', '1990-01-01 06:01:01', NULL),
(650, 'FONSECA', '279', 1, 14, '1990-01-01 06:01:01', '1990-01-01 06:01:01', NULL),
(651, 'HATONUEVO', '378', 1, 14, '1990-01-01 06:01:01', '1990-01-01 06:01:01', NULL),
(652, 'LA JAGUA DEL PILAR', '420', 1, 14, '1990-01-01 06:01:01', '1990-01-01 06:01:01', NULL),
(653, 'MAICAO', '430', 1, 14, '1990-01-01 06:01:01', '1990-01-01 06:01:01', NULL),
(654, 'MANAURE', '560', 1, 14, '1990-01-01 06:01:01', '1990-01-01 06:01:01', NULL),
(655, 'SAN JUAN DEL CESAR', '650', 1, 14, '1990-01-01 06:01:01', '1990-01-01 06:01:01', NULL),
(656, 'URIBIA', '847', 1, 14, '1990-01-01 06:01:01', '1990-01-01 06:01:01', NULL),
(657, 'URUMITA', '855', 1, 14, '1990-01-01 06:01:01', '1990-01-01 06:01:01', NULL),
(658, 'VILLANUEVA', '874', 1, 14, '1990-01-01 06:01:01', '1990-01-01 06:01:01', NULL),
(659, 'SANTA MARTA', '001', 1, 15, '1990-01-01 06:01:01', '1990-01-01 06:01:01', NULL),
(660, 'ALGARROBO', '030', 1, 15, '1990-01-01 06:01:01', '1990-01-01 06:01:01', NULL),
(661, 'ARACATACA', '053', 1, 15, '1990-01-01 06:01:01', '1990-01-01 06:01:01', NULL),
(662, 'ARIGUANI', '058', 1, 15, '1990-01-01 06:01:01', '1990-01-01 06:01:01', NULL),
(663, 'CERRO SAN ANTONIO', '161', 1, 15, '1990-01-01 06:01:01', '1990-01-01 06:01:01', NULL),
(664, 'CHIBOLO', '170', 1, 15, '1990-01-01 06:01:01', '1990-01-01 06:01:01', NULL),
(665, 'CIENAGA', '189', 1, 15, '1990-01-01 06:01:01', '1990-01-01 06:01:01', NULL),
(666, 'CONCORDIA', '205', 1, 15, '1990-01-01 06:01:01', '1990-01-01 06:01:01', NULL),
(667, 'EL BANCO', '245', 1, 15, '1990-01-01 06:01:01', '1990-01-01 06:01:01', NULL),
(668, 'EL PIÑON', '258', 1, 15, '1990-01-01 06:01:01', '1990-01-01 06:01:01', NULL),
(669, 'EL RETEN', '268', 1, 15, '1990-01-01 06:01:01', '1990-01-01 06:01:01', NULL),
(670, 'FUNDACION', '288', 1, 15, '1990-01-01 06:01:01', '1990-01-01 06:01:01', NULL),
(671, 'GUAMAL', '318', 1, 15, '1990-01-01 06:01:01', '1990-01-01 06:01:01', NULL),
(672, 'NUEVA GRANADA', '460', 1, 15, '1990-01-01 06:01:01', '1990-01-01 06:01:01', NULL),
(673, 'PEDRAZA', '541', 1, 15, '1990-01-01 06:01:01', '1990-01-01 06:01:01', NULL),
(674, 'PIJIÑO DEL CARMEN', '545', 1, 15, '1990-01-01 06:01:01', '1990-01-01 06:01:01', NULL),
(675, 'PIVIJAY', '551', 1, 15, '1990-01-01 06:01:01', '1990-01-01 06:01:01', NULL),
(676, 'PLATO', '555', 1, 15, '1990-01-01 06:01:01', '1990-01-01 06:01:01', NULL),
(677, 'PUEBLOVIEJO', '570', 1, 15, '1990-01-01 06:01:01', '1990-01-01 06:01:01', NULL),
(678, 'REMOLINO', '605', 1, 15, '1990-01-01 06:01:01', '1990-01-01 06:01:01', NULL),
(679, 'SABANAS DE SAN ANGEL', '660', 1, 15, '1990-01-01 06:01:01', '1990-01-01 06:01:01', NULL),
(680, 'SALAMINA', '675', 1, 15, '1990-01-01 06:01:01', '1990-01-01 06:01:01', NULL),
(681, 'SAN SEBASTIAN DE BUENAVISTA', '692', 1, 15, '1990-01-01 06:01:01', '1990-01-01 06:01:01', NULL),
(682, 'SAN ZENON', '703', 1, 15, '1990-01-01 06:01:01', '1990-01-01 06:01:01', NULL),
(683, 'SANTA ANA', '707', 1, 15, '1990-01-01 06:01:01', '1990-01-01 06:01:01', NULL),
(684, 'SANTA BARBARA DE PINTO', '720', 1, 15, '1990-01-01 06:01:01', '1990-01-01 06:01:01', NULL),
(685, 'SITIONUEVO', '745', 1, 15, '1990-01-01 06:01:01', '1990-01-01 06:01:01', NULL),
(686, 'TENERIFE', '798', 1, 15, '1990-01-01 06:01:01', '1990-01-01 06:01:01', NULL),
(687, 'ZAPAYAN', '960', 1, 15, '1990-01-01 06:01:01', '1990-01-01 06:01:01', NULL),
(688, 'ZONA BANANERA', '980', 1, 15, '1990-01-01 06:01:01', '1990-01-01 06:01:01', NULL),
(689, 'VILLAVICENCIO', '001', 1, 16, '1990-01-01 06:01:01', '1990-01-01 06:01:01', NULL),
(690, 'ACACIAS', '006', 1, 16, '1990-01-01 06:01:01', '1990-01-01 06:01:01', NULL),
(691, 'BARRANCA DE UPIA', '110', 1, 16, '1990-01-01 06:01:01', '1990-01-01 06:01:01', NULL),
(692, 'CABUYARO', '124', 1, 16, '1990-01-01 06:01:01', '1990-01-01 06:01:01', NULL),
(693, 'CASTILLA LA NUEVA', '150', 1, 16, '1990-01-01 06:01:01', '1990-01-01 06:01:01', NULL),
(694, 'CUBARRAL', '223', 1, 16, '1990-01-01 06:01:01', '1990-01-01 06:01:01', NULL),
(695, 'CUMARAL', '226', 1, 16, '1990-01-01 06:01:01', '1990-01-01 06:01:01', NULL),
(696, 'EL CALVARIO', '245', 1, 16, '1990-01-01 06:01:01', '1990-01-01 06:01:01', NULL),
(697, 'EL CASTILLO', '251', 1, 16, '1990-01-01 06:01:01', '1990-01-01 06:01:01', NULL),
(698, 'EL DORADO', '270', 1, 16, '1990-01-01 06:01:01', '1990-01-01 06:01:01', NULL),
(699, 'FUENTE DE ORO', '287', 1, 16, '1990-01-01 06:01:01', '1990-01-01 06:01:01', NULL),
(700, 'GRANADA', '313', 1, 16, '1990-01-01 06:01:01', '1990-01-01 06:01:01', NULL),
(701, 'GUAMAL', '318', 1, 16, '1990-01-01 06:01:01', '1990-01-01 06:01:01', NULL),
(702, 'MAPIRIPAN', '325', 1, 16, '1990-01-01 06:01:01', '1990-01-01 06:01:01', NULL),
(703, 'MESETAS', '330', 1, 16, '1990-01-01 06:01:01', '1990-01-01 06:01:01', NULL),
(704, 'LA MACARENA', '350', 1, 16, '1990-01-01 06:01:01', '1990-01-01 06:01:01', NULL),
(705, 'URIBE', '370', 1, 16, '1990-01-01 06:01:01', '1990-01-01 06:01:01', NULL),
(706, 'LEJANIAS', '400', 1, 16, '1990-01-01 06:01:01', '1990-01-01 06:01:01', NULL),
(707, 'PUERTO CONCORDIA', '450', 1, 16, '1990-01-01 06:01:01', '1990-01-01 06:01:01', NULL),
(708, 'PUERTO GAITAN', '568', 1, 16, '1990-01-01 06:01:01', '1990-01-01 06:01:01', NULL),
(709, 'PUERTO LOPEZ', '573', 1, 16, '1990-01-01 06:01:01', '1990-01-01 06:01:01', NULL),
(710, 'PUERTO LLERAS', '577', 1, 16, '1990-01-01 06:01:01', '1990-01-01 06:01:01', NULL),
(711, 'PUERTO RICO', '590', 1, 16, '1990-01-01 06:01:01', '1990-01-01 06:01:01', NULL),
(712, 'RESTREPO', '606', 1, 16, '1990-01-01 06:01:01', '1990-01-01 06:01:01', NULL),
(713, 'SAN CARLOS DE GUAROA', '680', 1, 16, '1990-01-01 06:01:01', '1990-01-01 06:01:01', NULL),
(714, 'SAN JUAN DE ARAMA', '683', 1, 16, '1990-01-01 06:01:01', '1990-01-01 06:01:01', NULL),
(715, 'SAN JUANITO', '686', 1, 16, '1990-01-01 06:01:01', '1990-01-01 06:01:01', NULL),
(716, 'SAN MARTIN', '689', 1, 16, '1990-01-01 06:01:01', '1990-01-01 06:01:01', NULL),
(717, 'VISTAHERMOSA', '711', 1, 16, '1990-01-01 06:01:01', '1990-01-01 06:01:01', NULL),
(718, 'PASTO', '001', 1, 17, '1990-01-01 06:01:01', '1990-01-01 06:01:01', NULL),
(719, 'ALBAN', '019', 1, 17, '1990-01-01 06:01:01', '1990-01-01 06:01:01', NULL),
(720, 'ALDANA', '022', 1, 17, '1990-01-01 06:01:01', '1990-01-01 06:01:01', NULL),
(721, 'ANCUYA', '036', 1, 17, '1990-01-01 06:01:01', '1990-01-01 06:01:01', NULL),
(722, 'ARBOLEDA', '051', 1, 17, '1990-01-01 06:01:01', '1990-01-01 06:01:01', NULL),
(723, 'BARBACOAS', '079', 1, 17, '1990-01-01 06:01:01', '1990-01-01 06:01:01', NULL),
(724, 'BELEN', '083', 1, 17, '1990-01-01 06:01:01', '1990-01-01 06:01:01', NULL),
(725, 'BUESACO', '110', 1, 17, '1990-01-01 06:01:01', '1990-01-01 06:01:01', NULL),
(726, 'COLON', '203', 1, 17, '1990-01-01 06:01:01', '1990-01-01 06:01:01', NULL),
(727, 'CONSACA', '207', 1, 17, '1990-01-01 06:01:01', '1990-01-01 06:01:01', NULL),
(728, 'CONTADERO', '210', 1, 17, '1990-01-01 06:01:01', '1990-01-01 06:01:01', NULL),
(729, 'CORDOBA', '215', 1, 17, '1990-01-01 06:01:01', '1990-01-01 06:01:01', NULL),
(730, 'CUASPUD', '224', 1, 17, '1990-01-01 06:01:01', '1990-01-01 06:01:01', NULL),
(731, 'CUMBAL', '227', 1, 17, '1990-01-01 06:01:01', '1990-01-01 06:01:01', NULL),
(732, 'CUMBITARA', '233', 1, 17, '1990-01-01 06:01:01', '1990-01-01 06:01:01', NULL),
(733, 'CHACHAGsI', '240', 1, 17, '1990-01-01 06:01:01', '1990-01-01 06:01:01', NULL),
(734, 'EL CHARCO', '250', 1, 17, '1990-01-01 06:01:01', '1990-01-01 06:01:01', NULL),
(735, 'EL PEÑOL', '254', 1, 17, '1990-01-01 06:01:01', '1990-01-01 06:01:01', NULL),
(736, 'EL ROSARIO', '256', 1, 17, '1990-01-01 06:01:01', '1990-01-01 06:01:01', NULL),
(737, 'EL TABLON DE GOMEZ', '258', 1, 17, '1990-01-01 06:01:01', '1990-01-01 06:01:01', NULL),
(738, 'EL TAMBO', '260', 1, 17, '1990-01-01 06:01:01', '1990-01-01 06:01:01', NULL),
(739, 'FUNES', '287', 1, 17, '1990-01-01 06:01:01', '1990-01-01 06:01:01', NULL),
(740, 'GUACHUCAL', '317', 1, 17, '1990-01-01 06:01:01', '1990-01-01 06:01:01', NULL),
(741, 'GUAITARILLA', '320', 1, 17, '1990-01-01 06:01:01', '1990-01-01 06:01:01', NULL),
(742, 'GUALMATAN', '323', 1, 17, '1990-01-01 06:01:01', '1990-01-01 06:01:01', NULL),
(743, 'ILES', '352', 1, 17, '1990-01-01 06:01:01', '1990-01-01 06:01:01', NULL),
(744, 'IMUES', '354', 1, 17, '1990-01-01 06:01:01', '1990-01-01 06:01:01', NULL),
(745, 'IPIALES', '356', 1, 17, '1990-01-01 06:01:01', '1990-01-01 06:01:01', NULL),
(746, 'LA CRUZ', '378', 1, 17, '1990-01-01 06:01:01', '1990-01-01 06:01:01', NULL),
(747, 'LA FLORIDA', '381', 1, 17, '1990-01-01 06:01:01', '1990-01-01 06:01:01', NULL),
(748, 'LA LLANADA', '385', 1, 17, '1990-01-01 06:01:01', '1990-01-01 06:01:01', NULL),
(749, 'LA TOLA', '390', 1, 17, '1990-01-01 06:01:01', '1990-01-01 06:01:01', NULL),
(750, 'LA UNION', '399', 1, 17, '1990-01-01 06:01:01', '1990-01-01 06:01:01', NULL),
(751, 'LEIVA', '405', 1, 17, '1990-01-01 06:01:01', '1990-01-01 06:01:01', NULL),
(752, 'LINARES', '411', 1, 17, '1990-01-01 06:01:01', '1990-01-01 06:01:01', NULL),
(753, 'LOS ANDES', '418', 1, 17, '1990-01-01 06:01:01', '1990-01-01 06:01:01', NULL),
(754, 'MAGsI', '427', 1, 17, '1990-01-01 06:01:01', '1990-01-01 06:01:01', NULL),
(755, 'MALLAMA', '435', 1, 17, '1990-01-01 06:01:01', '1990-01-01 06:01:01', NULL),
(756, 'MOSQUERA', '473', 1, 17, '1990-01-01 06:01:01', '1990-01-01 06:01:01', NULL),
(757, 'NARIÑO', '480', 1, 17, '1990-01-01 06:01:01', '1990-01-01 06:01:01', NULL),
(758, 'OLAYA HERRERA', '490', 1, 17, '1990-01-01 06:01:01', '1990-01-01 06:01:01', NULL),
(759, 'OSPINA', '506', 1, 17, '1990-01-01 06:01:01', '1990-01-01 06:01:01', NULL),
(760, 'FRANCISCO PIZARRO', '520', 1, 17, '1990-01-01 06:01:01', '1990-01-01 06:01:01', NULL),
(761, 'POLICARPA', '540', 1, 17, '1990-01-01 06:01:01', '1990-01-01 06:01:01', NULL),
(762, 'POTOSI', '560', 1, 17, '1990-01-01 06:01:01', '1990-01-01 06:01:01', NULL),
(763, 'PROVIDENCIA', '565', 1, 17, '1990-01-01 06:01:01', '1990-01-01 06:01:01', NULL),
(764, 'PUERRES', '573', 1, 17, '1990-01-01 06:01:01', '1990-01-01 06:01:01', NULL),
(765, 'PUPIALES', '585', 1, 17, '1990-01-01 06:01:01', '1990-01-01 06:01:01', NULL),
(766, 'RICAURTE', '612', 1, 17, '1990-01-01 06:01:01', '1990-01-01 06:01:01', NULL),
(767, 'ROBERTO PAYAN', '621', 1, 17, '1990-01-01 06:01:01', '1990-01-01 06:01:01', NULL),
(768, 'SAMANIEGO', '678', 1, 17, '1990-01-01 06:01:01', '1990-01-01 06:01:01', NULL),
(769, 'SANDONA', '683', 1, 17, '1990-01-01 06:01:01', '1990-01-01 06:01:01', NULL),
(770, 'SAN BERNARDO', '685', 1, 17, '1990-01-01 06:01:01', '1990-01-01 06:01:01', NULL),
(771, 'SAN LORENZO', '687', 1, 17, '1990-01-01 06:01:01', '1990-01-01 06:01:01', NULL),
(772, 'SAN PABLO', '693', 1, 17, '1990-01-01 06:01:01', '1990-01-01 06:01:01', NULL),
(773, 'SAN PEDRO DE CARTAGO', '694', 1, 17, '1990-01-01 06:01:01', '1990-01-01 06:01:01', NULL),
(774, 'SANTA BARBARA', '696', 1, 17, '1990-01-01 06:01:01', '1990-01-01 06:01:01', NULL),
(775, 'SANTACRUZ', '699', 1, 17, '1990-01-01 06:01:01', '1990-01-01 06:01:01', NULL),
(776, 'SAPUYES', '720', 1, 17, '1990-01-01 06:01:01', '1990-01-01 06:01:01', NULL),
(777, 'TAMINANGO', '786', 1, 17, '1990-01-01 06:01:01', '1990-01-01 06:01:01', NULL),
(778, 'TANGUA', '788', 1, 17, '1990-01-01 06:01:01', '1990-01-01 06:01:01', NULL),
(779, 'SAN ANDRES DE TUMACO', '835', 1, 17, '1990-01-01 06:01:01', '1990-01-01 06:01:01', NULL),
(780, 'TUQUERRES', '838', 1, 17, '1990-01-01 06:01:01', '1990-01-01 06:01:01', NULL),
(781, 'YACUANQUER', '885', 1, 17, '1990-01-01 06:01:01', '1990-01-01 06:01:01', NULL),
(782, 'CUCUTA', '001', 1, 18, '1990-01-01 06:01:01', '1990-01-01 06:01:01', NULL),
(783, 'ABREGO', '003', 1, 18, '1990-01-01 06:01:01', '1990-01-01 06:01:01', NULL),
(784, 'ARBOLEDAS', '051', 1, 18, '1990-01-01 06:01:01', '1990-01-01 06:01:01', NULL),
(785, 'BOCHALEMA', '099', 1, 18, '1990-01-01 06:01:01', '1990-01-01 06:01:01', NULL),
(786, 'BUCARASICA', '109', 1, 18, '1990-01-01 06:01:01', '1990-01-01 06:01:01', NULL),
(787, 'CACOTA', '125', 1, 18, '1990-01-01 06:01:01', '1990-01-01 06:01:01', NULL),
(788, 'CACHIRA', '128', 1, 18, '1990-01-01 06:01:01', '1990-01-01 06:01:01', NULL),
(789, 'CHINACOTA', '172', 1, 18, '1990-01-01 06:01:01', '1990-01-01 06:01:01', NULL),
(790, 'CHITAGA', '174', 1, 18, '1990-01-01 06:01:01', '1990-01-01 06:01:01', NULL),
(791, 'CONVENCION', '206', 1, 18, '1990-01-01 06:01:01', '1990-01-01 06:01:01', NULL),
(792, 'CUCUTILLA', '223', 1, 18, '1990-01-01 06:01:01', '1990-01-01 06:01:01', NULL),
(793, 'DURANIA', '239', 1, 18, '1990-01-01 06:01:01', '1990-01-01 06:01:01', NULL),
(794, 'EL CARMEN', '245', 1, 18, '1990-01-01 06:01:01', '1990-01-01 06:01:01', NULL),
(795, 'EL TARRA', '250', 1, 18, '1990-01-01 06:01:01', '1990-01-01 06:01:01', NULL),
(796, 'EL ZULIA', '261', 1, 18, '1990-01-01 06:01:01', '1990-01-01 06:01:01', NULL),
(797, 'GRAMALOTE', '313', 1, 18, '1990-01-01 06:01:01', '1990-01-01 06:01:01', NULL),
(798, 'HACARI', '344', 1, 18, '1990-01-01 06:01:01', '1990-01-01 06:01:01', NULL),
(799, 'HERRAN', '347', 1, 18, '1990-01-01 06:01:01', '1990-01-01 06:01:01', NULL),
(800, 'LABATECA', '377', 1, 18, '1990-01-01 06:01:01', '1990-01-01 06:01:01', NULL),
(801, 'LA ESPERANZA', '385', 1, 18, '1990-01-01 06:01:01', '1990-01-01 06:01:01', NULL),
(802, 'LA PLAYA', '398', 1, 18, '1990-01-01 06:01:01', '1990-01-01 06:01:01', NULL),
(803, 'LOS PATIOS', '405', 1, 18, '1990-01-01 06:01:01', '1990-01-01 06:01:01', NULL),
(804, 'LOURDES', '418', 1, 18, '1990-01-01 06:01:01', '1990-01-01 06:01:01', NULL),
(805, 'MUTISCUA', '480', 1, 18, '1990-01-01 06:01:01', '1990-01-01 06:01:01', NULL),
(806, 'OCAÑA', '498', 1, 18, '1990-01-01 06:01:01', '1990-01-01 06:01:01', NULL),
(807, 'PAMPLONA', '518', 1, 18, '1990-01-01 06:01:01', '1990-01-01 06:01:01', NULL),
(808, 'PAMPLONITA', '520', 1, 18, '1990-01-01 06:01:01', '1990-01-01 06:01:01', NULL),
(809, 'PUERTO SANTANDER', '553', 1, 18, '1990-01-01 06:01:01', '1990-01-01 06:01:01', NULL),
(810, 'RAGONVALIA', '599', 1, 18, '1990-01-01 06:01:01', '1990-01-01 06:01:01', NULL),
(811, 'SALAZAR', '660', 1, 18, '1990-01-01 06:01:01', '1990-01-01 06:01:01', NULL),
(812, 'SAN CALIXTO', '670', 1, 18, '1990-01-01 06:01:01', '1990-01-01 06:01:01', NULL),
(813, 'SAN CAYETANO', '673', 1, 18, '1990-01-01 06:01:01', '1990-01-01 06:01:01', NULL),
(814, 'SANTIAGO', '680', 1, 18, '1990-01-01 06:01:01', '1990-01-01 06:01:01', NULL),
(815, 'SARDINATA', '720', 1, 18, '1990-01-01 06:01:01', '1990-01-01 06:01:01', NULL),
(816, 'SILOS', '743', 1, 18, '1990-01-01 06:01:01', '1990-01-01 06:01:01', NULL),
(817, 'TEORAMA', '800', 1, 18, '1990-01-01 06:01:01', '1990-01-01 06:01:01', NULL),
(818, 'TIBU', '810', 1, 18, '1990-01-01 06:01:01', '1990-01-01 06:01:01', NULL),
(819, 'TOLEDO', '820', 1, 18, '1990-01-01 06:01:01', '1990-01-01 06:01:01', NULL),
(820, 'VILLA CARO', '871', 1, 18, '1990-01-01 06:01:01', '1990-01-01 06:01:01', NULL),
(821, 'VILLA DEL ROSARIO', '874', 1, 18, '1990-01-01 06:01:01', '1990-01-01 06:01:01', NULL),
(822, 'ARMENIA', '001', 1, 19, '1990-01-01 06:01:01', '1990-01-01 06:01:01', NULL),
(823, 'BUENAVISTA', '111', 1, 19, '1990-01-01 06:01:01', '1990-01-01 06:01:01', NULL),
(824, 'CALARCA', '130', 1, 19, '1990-01-01 06:01:01', '1990-01-01 06:01:01', NULL),
(825, 'CIRCASIA', '190', 1, 19, '1990-01-01 06:01:01', '1990-01-01 06:01:01', NULL),
(826, 'CORDOBA', '212', 1, 19, '1990-01-01 06:01:01', '1990-01-01 06:01:01', NULL),
(827, 'FILANDIA', '272', 1, 19, '1990-01-01 06:01:01', '1990-01-01 06:01:01', NULL),
(828, 'GENOVA', '302', 1, 19, '1990-01-01 06:01:01', '1990-01-01 06:01:01', NULL),
(829, 'LA TEBAIDA', '401', 1, 19, '1990-01-01 06:01:01', '1990-01-01 06:01:01', NULL),
(830, 'MONTENEGRO', '470', 1, 19, '1990-01-01 06:01:01', '1990-01-01 06:01:01', NULL),
(831, 'PIJAO', '548', 1, 19, '1990-01-01 06:01:01', '1990-01-01 06:01:01', NULL),
(832, 'QUIMBAYA', '594', 1, 19, '1990-01-01 06:01:01', '1990-01-01 06:01:01', NULL),
(833, 'SALENTO', '690', 1, 19, '1990-01-01 06:01:01', '1990-01-01 06:01:01', NULL),
(834, 'PEREIRA', '001', 1, 20, '1990-01-01 06:01:01', '1990-01-01 06:01:01', NULL),
(835, 'APIA', '045', 1, 20, '1990-01-01 06:01:01', '1990-01-01 06:01:01', NULL),
(836, 'BALBOA', '075', 1, 20, '1990-01-01 06:01:01', '1990-01-01 06:01:01', NULL),
(837, 'BELEN DE UMBRIA', '088', 1, 20, '1990-01-01 06:01:01', '1990-01-01 06:01:01', NULL),
(838, 'DOSQUEBRADAS', '170', 1, 20, '1990-01-01 06:01:01', '1990-01-01 06:01:01', NULL),
(839, 'GUATICA', '318', 1, 20, '1990-01-01 06:01:01', '1990-01-01 06:01:01', NULL),
(840, 'LA CELIA', '383', 1, 20, '1990-01-01 06:01:01', '1990-01-01 06:01:01', NULL),
(841, 'LA VIRGINIA', '400', 1, 20, '1990-01-01 06:01:01', '1990-01-01 06:01:01', NULL),
(842, 'MARSELLA', '440', 1, 20, '1990-01-01 06:01:01', '1990-01-01 06:01:01', NULL),
(843, 'MISTRATO', '456', 1, 20, '1990-01-01 06:01:01', '1990-01-01 06:01:01', NULL),
(844, 'PUEBLO RICO', '572', 1, 20, '1990-01-01 06:01:01', '1990-01-01 06:01:01', NULL),
(845, 'QUINCHIA', '594', 1, 20, '1990-01-01 06:01:01', '1990-01-01 06:01:01', NULL),
(846, 'SANTA ROSA DE CABAL', '682', 1, 20, '1990-01-01 06:01:01', '1990-01-01 06:01:01', NULL),
(847, 'SANTUARIO', '687', 1, 20, '1990-01-01 06:01:01', '1990-01-01 06:01:01', NULL),
(848, 'BUCARAMANGA', '001', 1, 21, '1990-01-01 06:01:01', '1990-01-01 06:01:01', NULL),
(849, 'AGUADA', '013', 1, 21, '1990-01-01 06:01:01', '1990-01-01 06:01:01', NULL),
(850, 'ALBANIA', '020', 1, 21, '1990-01-01 06:01:01', '1990-01-01 06:01:01', NULL),
(851, 'ARATOCA', '051', 1, 21, '1990-01-01 06:01:01', '1990-01-01 06:01:01', NULL),
(852, 'BARBOSA', '077', 1, 21, '1990-01-01 06:01:01', '1990-01-01 06:01:01', NULL),
(853, 'BARICHARA', '079', 1, 21, '1990-01-01 06:01:01', '1990-01-01 06:01:01', NULL),
(854, 'BARRANCABERMEJA', '081', 1, 21, '1990-01-01 06:01:01', '1990-01-01 06:01:01', NULL),
(855, 'BETULIA', '092', 1, 21, '1990-01-01 06:01:01', '1990-01-01 06:01:01', NULL),
(856, 'BOLIVAR', '101', 1, 21, '1990-01-01 06:01:01', '1990-01-01 06:01:01', NULL),
(857, 'CABRERA', '121', 1, 21, '1990-01-01 06:01:01', '1990-01-01 06:01:01', NULL),
(858, 'CALIFORNIA', '132', 1, 21, '1990-01-01 06:01:01', '1990-01-01 06:01:01', NULL),
(859, 'CAPITANEJO', '147', 1, 21, '1990-01-01 06:01:01', '1990-01-01 06:01:01', NULL),
(860, 'CARCASI', '152', 1, 21, '1990-01-01 06:01:01', '1990-01-01 06:01:01', NULL),
(861, 'CEPITA', '160', 1, 21, '1990-01-01 06:01:01', '1990-01-01 06:01:01', NULL),
(862, 'CERRITO', '162', 1, 21, '1990-01-01 06:01:01', '1990-01-01 06:01:01', NULL),
(863, 'CHARALA', '167', 1, 21, '1990-01-01 06:01:01', '1990-01-01 06:01:01', NULL),
(864, 'CHARTA', '169', 1, 21, '1990-01-01 06:01:01', '1990-01-01 06:01:01', NULL),
(865, 'CHIMA', '176', 1, 21, '1990-01-01 06:01:01', '1990-01-01 06:01:01', NULL),
(866, 'CHIPATA', '179', 1, 21, '1990-01-01 06:01:01', '1990-01-01 06:01:01', NULL),
(867, 'CIMITARRA', '190', 1, 21, '1990-01-01 06:01:01', '1990-01-01 06:01:01', NULL),
(868, 'CONCEPCION', '207', 1, 21, '1990-01-01 06:01:01', '1990-01-01 06:01:01', NULL),
(869, 'CONFINES', '209', 1, 21, '1990-01-01 06:01:01', '1990-01-01 06:01:01', NULL),
(870, 'CONTRATACION', '211', 1, 21, '1990-01-01 06:01:01', '1990-01-01 06:01:01', NULL),
(871, 'COROMORO', '217', 1, 21, '1990-01-01 06:01:01', '1990-01-01 06:01:01', NULL),
(872, 'CURITI', '229', 1, 21, '1990-01-01 06:01:01', '1990-01-01 06:01:01', NULL),
(873, 'EL CARMEN DE CHUCURI', '235', 1, 21, '1990-01-01 06:01:01', '1990-01-01 06:01:01', NULL),
(874, 'EL GUACAMAYO', '245', 1, 21, '1990-01-01 06:01:01', '1990-01-01 06:01:01', NULL),
(875, 'EL PEÑON', '250', 1, 21, '1990-01-01 06:01:01', '1990-01-01 06:01:01', NULL),
(876, 'EL PLAYON', '255', 1, 21, '1990-01-01 06:01:01', '1990-01-01 06:01:01', NULL),
(877, 'ENCINO', '264', 1, 21, '1990-01-01 06:01:01', '1990-01-01 06:01:01', NULL),
(878, 'ENCISO', '266', 1, 21, '1990-01-01 06:01:01', '1990-01-01 06:01:01', NULL),
(879, 'FLORIAN', '271', 1, 21, '1990-01-01 06:01:01', '1990-01-01 06:01:01', NULL),
(880, 'FLORIDABLANCA', '276', 1, 21, '1990-01-01 06:01:01', '1990-01-01 06:01:01', NULL),
(881, 'GALAN', '296', 1, 21, '1990-01-01 06:01:01', '1990-01-01 06:01:01', NULL),
(882, 'GAMBITA', '298', 1, 21, '1990-01-01 06:01:01', '1990-01-01 06:01:01', NULL),
(883, 'GIRON', '307', 1, 21, '1990-01-01 06:01:01', '1990-01-01 06:01:01', NULL),
(884, 'GUACA', '318', 1, 21, '1990-01-01 06:01:01', '1990-01-01 06:01:01', NULL),
(885, 'GUADALUPE', '320', 1, 21, '1990-01-01 06:01:01', '1990-01-01 06:01:01', NULL),
(886, 'GUAPOTA', '322', 1, 21, '1990-01-01 06:01:01', '1990-01-01 06:01:01', NULL),
(887, 'GUAVATA', '324', 1, 21, '1990-01-01 06:01:01', '1990-01-01 06:01:01', NULL),
(888, 'GsEPSA', '327', 1, 21, '1990-01-01 06:01:01', '1990-01-01 06:01:01', NULL),
(889, 'HATO', '344', 1, 21, '1990-01-01 06:01:01', '1990-01-01 06:01:01', NULL),
(890, 'JESUS MARIA', '368', 1, 21, '1990-01-01 06:01:01', '1990-01-01 06:01:01', NULL),
(891, 'JORDAN', '370', 1, 21, '1990-01-01 06:01:01', '1990-01-01 06:01:01', NULL),
(892, 'LA BELLEZA', '377', 1, 21, '1990-01-01 06:01:01', '1990-01-01 06:01:01', NULL),
(893, 'LANDAZURI', '385', 1, 21, '1990-01-01 06:01:01', '1990-01-01 06:01:01', NULL),
(894, 'LA PAZ', '397', 1, 21, '1990-01-01 06:01:01', '1990-01-01 06:01:01', NULL),
(895, 'LEBRIJA', '406', 1, 21, '1990-01-01 06:01:01', '1990-01-01 06:01:01', NULL),
(896, 'LOS SANTOS', '418', 1, 21, '1990-01-01 06:01:01', '1990-01-01 06:01:01', NULL),
(897, 'MACARAVITA', '425', 1, 21, '1990-01-01 06:01:01', '1990-01-01 06:01:01', NULL),
(898, 'MALAGA', '432', 1, 21, '1990-01-01 06:01:01', '1990-01-01 06:01:01', NULL),
(899, 'MATANZA', '444', 1, 21, '1990-01-01 06:01:01', '1990-01-01 06:01:01', NULL),
(900, 'MOGOTES', '464', 1, 21, '1990-01-01 06:01:01', '1990-01-01 06:01:01', NULL),
(901, 'MOLAGAVITA', '468', 1, 21, '1990-01-01 06:01:01', '1990-01-01 06:01:01', NULL),
(902, 'OCAMONTE', '498', 1, 21, '1990-01-01 06:01:01', '1990-01-01 06:01:01', NULL),
(903, 'OIBA', '500', 1, 21, '1990-01-01 06:01:01', '1990-01-01 06:01:01', NULL),
(904, 'ONZAGA', '502', 1, 21, '1990-01-01 06:01:01', '1990-01-01 06:01:01', NULL),
(905, 'PALMAR', '522', 1, 21, '1990-01-01 06:01:01', '1990-01-01 06:01:01', NULL),
(906, 'PALMAS DEL SOCORRO', '524', 1, 21, '1990-01-01 06:01:01', '1990-01-01 06:01:01', NULL),
(907, 'PARAMO', '533', 1, 21, '1990-01-01 06:01:01', '1990-01-01 06:01:01', NULL),
(908, 'PIEDECUESTA', '547', 1, 21, '1990-01-01 06:01:01', '1990-01-01 06:01:01', NULL),
(909, 'PINCHOTE', '549', 1, 21, '1990-01-01 06:01:01', '1990-01-01 06:01:01', NULL),
(910, 'PUENTE NACIONAL', '572', 1, 21, '1990-01-01 06:01:01', '1990-01-01 06:01:01', NULL),
(911, 'PUERTO PARRA', '573', 1, 21, '1990-01-01 06:01:01', '1990-01-01 06:01:01', NULL),
(912, 'PUERTO WILCHES', '575', 1, 21, '1990-01-01 06:01:01', '1990-01-01 06:01:01', NULL),
(913, 'RIONEGRO', '615', 1, 21, '1990-01-01 06:01:01', '1990-01-01 06:01:01', NULL),
(914, 'SABANA DE TORRES', '655', 1, 21, '1990-01-01 06:01:01', '1990-01-01 06:01:01', NULL),
(915, 'SAN ANDRES', '669', 1, 21, '1990-01-01 06:01:01', '1990-01-01 06:01:01', NULL),
(916, 'SAN BENITO', '673', 1, 21, '1990-01-01 06:01:01', '1990-01-01 06:01:01', NULL),
(917, 'SAN GIL', '679', 1, 21, '1990-01-01 06:01:01', '1990-01-01 06:01:01', NULL),
(918, 'SAN JOAQUIN', '682', 1, 21, '1990-01-01 06:01:01', '1990-01-01 06:01:01', NULL),
(919, 'SAN JOSE DE MIRANDA', '684', 1, 21, '1990-01-01 06:01:01', '1990-01-01 06:01:01', NULL),
(920, 'SAN MIGUEL', '686', 1, 21, '1990-01-01 06:01:01', '1990-01-01 06:01:01', NULL),
(921, 'SAN VICENTE DE CHUCURI', '689', 1, 21, '1990-01-01 06:01:01', '1990-01-01 06:01:01', NULL),
(922, 'SANTA BARBARA', '705', 1, 21, '1990-01-01 06:01:01', '1990-01-01 06:01:01', NULL),
(923, 'SANTA HELENA DEL OPON', '720', 1, 21, '1990-01-01 06:01:01', '1990-01-01 06:01:01', NULL),
(924, 'SIMACOTA', '745', 1, 21, '1990-01-01 06:01:01', '1990-01-01 06:01:01', NULL),
(925, 'SOCORRO', '755', 1, 21, '1990-01-01 06:01:01', '1990-01-01 06:01:01', NULL),
(926, 'SUAITA', '770', 1, 21, '1990-01-01 06:01:01', '1990-01-01 06:01:01', NULL),
(927, 'SUCRE', '773', 1, 21, '1990-01-01 06:01:01', '1990-01-01 06:01:01', NULL),
(928, 'SURATA', '780', 1, 21, '1990-01-01 06:01:01', '1990-01-01 06:01:01', NULL),
(929, 'TONA', '820', 1, 21, '1990-01-01 06:01:01', '1990-01-01 06:01:01', NULL),
(930, 'VALLE DE SAN JOSE', '855', 1, 21, '1990-01-01 06:01:01', '1990-01-01 06:01:01', NULL),
(931, 'VELEZ', '861', 1, 21, '1990-01-01 06:01:01', '1990-01-01 06:01:01', NULL),
(932, 'VETAS', '867', 1, 21, '1990-01-01 06:01:01', '1990-01-01 06:01:01', NULL),
(933, 'VILLANUEVA', '872', 1, 21, '1990-01-01 06:01:01', '1990-01-01 06:01:01', NULL),
(934, 'ZAPATOCA', '895', 1, 21, '1990-01-01 06:01:01', '1990-01-01 06:01:01', NULL),
(935, 'SINCELEJO', '001', 1, 22, '1990-01-01 06:01:01', '1990-01-01 06:01:01', NULL),
(936, 'BUENAVISTA', '110', 1, 22, '1990-01-01 06:01:01', '1990-01-01 06:01:01', NULL),
(937, 'CAIMITO', '124', 1, 22, '1990-01-01 06:01:01', '1990-01-01 06:01:01', NULL),
(938, 'COLOSO', '204', 1, 22, '1990-01-01 06:01:01', '1990-01-01 06:01:01', NULL),
(939, 'COROZAL', '215', 1, 22, '1990-01-01 06:01:01', '1990-01-01 06:01:01', NULL),
(940, 'COVEÑAS', '221', 1, 22, '1990-01-01 06:01:01', '1990-01-01 06:01:01', NULL),
(941, 'CHALAN', '230', 1, 22, '1990-01-01 06:01:01', '1990-01-01 06:01:01', NULL),
(942, 'EL ROBLE', '233', 1, 22, '1990-01-01 06:01:01', '1990-01-01 06:01:01', NULL),
(943, 'GALERAS', '235', 1, 22, '1990-01-01 06:01:01', '1990-01-01 06:01:01', NULL),
(944, 'GUARANDA', '265', 1, 22, '1990-01-01 06:01:01', '1990-01-01 06:01:01', NULL),
(945, 'LA UNION', '400', 1, 22, '1990-01-01 06:01:01', '1990-01-01 06:01:01', NULL),
(946, 'LOS PALMITOS', '418', 1, 22, '1990-01-01 06:01:01', '1990-01-01 06:01:01', NULL),
(947, 'MAJAGUAL', '429', 1, 22, '1990-01-01 06:01:01', '1990-01-01 06:01:01', NULL),
(948, 'MORROA', '473', 1, 22, '1990-01-01 06:01:01', '1990-01-01 06:01:01', NULL),
(949, 'OVEJAS', '508', 1, 22, '1990-01-01 06:01:01', '1990-01-01 06:01:01', NULL),
(950, 'PALMITO', '523', 1, 22, '1990-01-01 06:01:01', '1990-01-01 06:01:01', NULL),
(951, 'SAMPUES', '670', 1, 22, '1990-01-01 06:01:01', '1990-01-01 06:01:01', NULL),
(952, 'SAN BENITO ABAD', '678', 1, 22, '1990-01-01 06:01:01', '1990-01-01 06:01:01', NULL),
(953, 'SAN JUAN DE BETULIA', '702', 1, 22, '1990-01-01 06:01:01', '1990-01-01 06:01:01', NULL),
(954, 'SAN MARCOS', '708', 1, 22, '1990-01-01 06:01:01', '1990-01-01 06:01:01', NULL),
(955, 'SAN ONOFRE', '713', 1, 22, '1990-01-01 06:01:01', '1990-01-01 06:01:01', NULL),
(956, 'SAN PEDRO', '717', 1, 22, '1990-01-01 06:01:01', '1990-01-01 06:01:01', NULL),
(957, 'SAN LUIS DE SINCE', '742', 1, 22, '1990-01-01 06:01:01', '1990-01-01 06:01:01', NULL),
(958, 'SUCRE', '771', 1, 22, '1990-01-01 06:01:01', '1990-01-01 06:01:01', NULL),
(959, 'SANTIAGO DE TOLU', '820', 1, 22, '1990-01-01 06:01:01', '1990-01-01 06:01:01', NULL),
(960, 'TOLU VIEJO', '823', 1, 22, '1990-01-01 06:01:01', '1990-01-01 06:01:01', NULL),
(961, 'IBAGUE', '001', 1, 23, '1990-01-01 06:01:01', '1990-01-01 06:01:01', NULL),
(962, 'ALPUJARRA', '024', 1, 23, '1990-01-01 06:01:01', '1990-01-01 06:01:01', NULL),
(963, 'ALVARADO', '026', 1, 23, '1990-01-01 06:01:01', '1990-01-01 06:01:01', NULL),
(964, 'AMBALEMA', '030', 1, 23, '1990-01-01 06:01:01', '1990-01-01 06:01:01', NULL),
(965, 'ANZOATEGUI', '043', 1, 23, '1990-01-01 06:01:01', '1990-01-01 06:01:01', NULL),
(966, 'ARMERO', '055', 1, 23, '1990-01-01 06:01:01', '1990-01-01 06:01:01', NULL),
(967, 'ATACO', '067', 1, 23, '1990-01-01 06:01:01', '1990-01-01 06:01:01', NULL),
(968, 'CAJAMARCA', '124', 1, 23, '1990-01-01 06:01:01', '1990-01-01 06:01:01', NULL),
(969, 'CARMEN DE APICALA', '148', 1, 23, '1990-01-01 06:01:01', '1990-01-01 06:01:01', NULL),
(970, 'CASABIANCA', '152', 1, 23, '1990-01-01 06:01:01', '1990-01-01 06:01:01', NULL),
(971, 'CHAPARRAL', '168', 1, 23, '1990-01-01 06:01:01', '1990-01-01 06:01:01', NULL),
(972, 'COELLO', '200', 1, 23, '1990-01-01 06:01:01', '1990-01-01 06:01:01', NULL),
(973, 'COYAIMA', '217', 1, 23, '1990-01-01 06:01:01', '1990-01-01 06:01:01', NULL),
(974, 'CUNDAY', '226', 1, 23, '1990-01-01 06:01:01', '1990-01-01 06:01:01', NULL),
(975, 'DOLORES', '236', 1, 23, '1990-01-01 06:01:01', '1990-01-01 06:01:01', NULL),
(976, 'ESPINAL', '268', 1, 23, '1990-01-01 06:01:01', '1990-01-01 06:01:01', NULL),
(977, 'FALAN', '270', 1, 23, '1990-01-01 06:01:01', '1990-01-01 06:01:01', NULL),
(978, 'FLANDES', '275', 1, 23, '1990-01-01 06:01:01', '1990-01-01 06:01:01', NULL),
(979, 'FRESNO', '283', 1, 23, '1990-01-01 06:01:01', '1990-01-01 06:01:01', NULL),
(980, 'GUAMO', '319', 1, 23, '1990-01-01 06:01:01', '1990-01-01 06:01:01', NULL),
(981, 'HERVEO', '347', 1, 23, '1990-01-01 06:01:01', '1990-01-01 06:01:01', NULL),
(982, 'HONDA', '349', 1, 23, '1990-01-01 06:01:01', '1990-01-01 06:01:01', NULL),
(983, 'ICONONZO', '352', 1, 23, '1990-01-01 06:01:01', '1990-01-01 06:01:01', NULL),
(984, 'LERIDA', '408', 1, 23, '1990-01-01 06:01:01', '1990-01-01 06:01:01', NULL),
(985, 'LIBANO', '411', 1, 23, '1990-01-01 06:01:01', '1990-01-01 06:01:01', NULL),
(986, 'MARIQUITA', '443', 1, 23, '1990-01-01 06:01:01', '1990-01-01 06:01:01', NULL),
(987, 'MELGAR', '449', 1, 23, '1990-01-01 06:01:01', '1990-01-01 06:01:01', NULL),
(988, 'MURILLO', '461', 1, 23, '1990-01-01 06:01:01', '1990-01-01 06:01:01', NULL),
(989, 'NATAGAIMA', '483', 1, 23, '1990-01-01 06:01:01', '1990-01-01 06:01:01', NULL),
(990, 'ORTEGA', '504', 1, 23, '1990-01-01 06:01:01', '1990-01-01 06:01:01', NULL),
(991, 'PALOCABILDO', '520', 1, 23, '1990-01-01 06:01:01', '1990-01-01 06:01:01', NULL),
(992, 'PIEDRAS', '547', 1, 23, '1990-01-01 06:01:01', '1990-01-01 06:01:01', NULL),
(993, 'PLANADAS', '555', 1, 23, '1990-01-01 06:01:01', '1990-01-01 06:01:01', NULL),
(994, 'PRADO', '563', 1, 23, '1990-01-01 06:01:01', '1990-01-01 06:01:01', NULL),
(995, 'PURIFICACION', '585', 1, 23, '1990-01-01 06:01:01', '1990-01-01 06:01:01', NULL),
(996, 'RIOBLANCO', '616', 1, 23, '1990-01-01 06:01:01', '1990-01-01 06:01:01', NULL),
(997, 'RONCESVALLES', '622', 1, 23, '1990-01-01 06:01:01', '1990-01-01 06:01:01', NULL),
(998, 'ROVIRA', '624', 1, 23, '1990-01-01 06:01:01', '1990-01-01 06:01:01', NULL),
(999, 'SALDAÑA', '671', 1, 23, '1990-01-01 06:01:01', '1990-01-01 06:01:01', NULL),
(1000, 'SAN ANTONIO', '675', 1, 23, '1990-01-01 06:01:01', '1990-01-01 06:01:01', NULL),
(1001, 'SAN LUIS', '678', 1, 23, '1990-01-01 06:01:01', '1990-01-01 06:01:01', NULL),
(1002, 'SANTA ISABEL', '686', 1, 23, '1990-01-01 06:01:01', '1990-01-01 06:01:01', NULL),
(1003, 'SUAREZ', '770', 1, 23, '1990-01-01 06:01:01', '1990-01-01 06:01:01', NULL),
(1004, 'VALLE DE SAN JUAN', '854', 1, 23, '1990-01-01 06:01:01', '1990-01-01 06:01:01', NULL),
(1005, 'VENADILLO', '861', 1, 23, '1990-01-01 06:01:01', '1990-01-01 06:01:01', NULL),
(1006, 'VILLAHERMOSA', '870', 1, 23, '1990-01-01 06:01:01', '1990-01-01 06:01:01', NULL),
(1007, 'VILLARRICA', '873', 1, 23, '1990-01-01 06:01:01', '1990-01-01 06:01:01', NULL),
(1008, 'CALI', '001', 1, 24, '1990-01-01 06:01:01', '1990-01-01 06:01:01', NULL),
(1009, 'ALCALA', '020', 1, 24, '1990-01-01 06:01:01', '1990-01-01 06:01:01', NULL),
(1010, 'ANDALUCIA', '036', 1, 24, '1990-01-01 06:01:01', '1990-01-01 06:01:01', NULL),
(1011, 'ANSERMANUEVO', '041', 1, 24, '1990-01-01 06:01:01', '1990-01-01 06:01:01', NULL),
(1012, 'ARGELIA', '054', 1, 24, '1990-01-01 06:01:01', '1990-01-01 06:01:01', NULL),
(1013, 'BOLIVAR', '100', 1, 24, '1990-01-01 06:01:01', '1990-01-01 06:01:01', NULL),
(1014, 'BUENAVENTURA', '109', 1, 24, '1990-01-01 06:01:01', '1990-01-01 06:01:01', NULL),
(1015, 'GUADALAJARA DE BUGA', '111', 1, 24, '1990-01-01 06:01:01', '1990-01-01 06:01:01', NULL),
(1016, 'BUGALAGRANDE', '113', 1, 24, '1990-01-01 06:01:01', '1990-01-01 06:01:01', NULL),
(1017, 'CAICEDONIA', '122', 1, 24, '1990-01-01 06:01:01', '1990-01-01 06:01:01', NULL),
(1018, 'CALIMA', '126', 1, 24, '1990-01-01 06:01:01', '1990-01-01 06:01:01', NULL),
(1019, 'CANDELARIA', '130', 1, 24, '1990-01-01 06:01:01', '1990-01-01 06:01:01', NULL),
(1020, 'CARTAGO', '147', 1, 24, '1990-01-01 06:01:01', '1990-01-01 06:01:01', NULL),
(1021, 'DAGUA', '233', 1, 24, '1990-01-01 06:01:01', '1990-01-01 06:01:01', NULL),
(1022, 'EL AGUILA', '243', 1, 24, '1990-01-01 06:01:01', '1990-01-01 06:01:01', NULL),
(1023, 'EL CAIRO', '246', 1, 24, '1990-01-01 06:01:01', '1990-01-01 06:01:01', NULL),
(1024, 'EL CERRITO', '248', 1, 24, '1990-01-01 06:01:01', '1990-01-01 06:01:01', NULL),
(1025, 'EL DOVIO', '250', 1, 24, '1990-01-01 06:01:01', '1990-01-01 06:01:01', NULL),
(1026, 'FLORIDA', '275', 1, 24, '1990-01-01 06:01:01', '1990-01-01 06:01:01', NULL),
(1027, 'GINEBRA', '306', 1, 24, '1990-01-01 06:01:01', '1990-01-01 06:01:01', NULL),
(1028, 'GUACARI', '318', 1, 24, '1990-01-01 06:01:01', '1990-01-01 06:01:01', NULL),
(1029, 'JAMUNDI', '364', 1, 24, '1990-01-01 06:01:01', '1990-01-01 06:01:01', NULL),
(1030, 'LA CUMBRE', '377', 1, 24, '1990-01-01 06:01:01', '1990-01-01 06:01:01', NULL),
(1031, 'LA UNION', '400', 1, 24, '1990-01-01 06:01:01', '1990-01-01 06:01:01', NULL),
(1032, 'LA VICTORIA', '403', 1, 24, '1990-01-01 06:01:01', '1990-01-01 06:01:01', NULL),
(1033, 'OBANDO', '497', 1, 24, '1990-01-01 06:01:01', '1990-01-01 06:01:01', NULL),
(1034, 'PALMIRA', '520', 1, 24, '1990-01-01 06:01:01', '1990-01-01 06:01:01', NULL),
(1035, 'PRADERA', '563', 1, 24, '1990-01-01 06:01:01', '1990-01-01 06:01:01', NULL),
(1036, 'RESTREPO', '606', 1, 24, '1990-01-01 06:01:01', '1990-01-01 06:01:01', NULL),
(1037, 'RIOFRIO', '616', 1, 24, '1990-01-01 06:01:01', '1990-01-01 06:01:01', NULL),
(1038, 'ROLDANILLO', '622', 1, 24, '1990-01-01 06:01:01', '1990-01-01 06:01:01', NULL),
(1039, 'SAN PEDRO', '670', 1, 24, '1990-01-01 06:01:01', '1990-01-01 06:01:01', NULL),
(1040, 'SEVILLA', '736', 1, 24, '1990-01-01 06:01:01', '1990-01-01 06:01:01', NULL),
(1041, 'TORO', '823', 1, 24, '1990-01-01 06:01:01', '1990-01-01 06:01:01', NULL),
(1042, 'TRUJILLO', '828', 1, 24, '1990-01-01 06:01:01', '1990-01-01 06:01:01', NULL),
(1043, 'TULUA', '834', 1, 24, '1990-01-01 06:01:01', '1990-01-01 06:01:01', NULL),
(1044, 'ULLOA', '845', 1, 24, '1990-01-01 06:01:01', '1990-01-01 06:01:01', NULL),
(1045, 'VERSALLES', '863', 1, 24, '1990-01-01 06:01:01', '1990-01-01 06:01:01', NULL),
(1046, 'VIJES', '869', 1, 24, '1990-01-01 06:01:01', '1990-01-01 06:01:01', NULL),
(1047, 'YOTOCO', '890', 1, 24, '1990-01-01 06:01:01', '1990-01-01 06:01:01', NULL),
(1048, 'YUMBO', '892', 1, 24, '1990-01-01 06:01:01', '1990-01-01 06:01:01', NULL),
(1049, 'ZARZAL', '895', 1, 24, '1990-01-01 06:01:01', '1990-01-01 06:01:01', NULL),
(1050, 'ARAUCA', '001', 1, 25, '1990-01-01 06:01:01', '1990-01-01 06:01:01', NULL),
(1051, 'ARAUQUITA', '065', 1, 25, '1990-01-01 06:01:01', '1990-01-01 06:01:01', NULL),
(1052, 'CRAVO NORTE', '220', 1, 25, '1990-01-01 06:01:01', '1990-01-01 06:01:01', NULL),
(1053, 'FORTUL', '300', 1, 25, '1990-01-01 06:01:01', '1990-01-01 06:01:01', NULL),
(1054, 'PUERTO RONDON', '591', 1, 25, '1990-01-01 06:01:01', '1990-01-01 06:01:01', NULL),
(1055, 'SARAVENA', '736', 1, 25, '1990-01-01 06:01:01', '1990-01-01 06:01:01', NULL),
(1056, 'TAME', '794', 1, 25, '1990-01-01 06:01:01', '1990-01-01 06:01:01', NULL),
(1057, 'YOPAL', '001', 1, 26, '1990-01-01 06:01:01', '1990-01-01 06:01:01', NULL),
(1058, 'AGUAZUL', '010', 1, 26, '1990-01-01 06:01:01', '1990-01-01 06:01:01', NULL),
(1059, 'CHAMEZA', '015', 1, 26, '1990-01-01 06:01:01', '1990-01-01 06:01:01', NULL),
(1060, 'HATO COROZAL', '125', 1, 26, '1990-01-01 06:01:01', '1990-01-01 06:01:01', NULL),
(1061, 'LA SALINA', '136', 1, 26, '1990-01-01 06:01:01', '1990-01-01 06:01:01', NULL),
(1062, 'PAZ DE ARIPORO', '250', 1, 26, '1990-01-01 06:01:01', '1990-01-01 06:01:01', NULL),
(1063, 'PORE', '263', 1, 26, '1990-01-01 06:01:01', '1990-01-01 06:01:01', NULL),
(1064, 'RECETOR', '279', 1, 26, '1990-01-01 06:01:01', '1990-01-01 06:01:01', NULL),
(1065, 'SABANALARGA', '300', 1, 26, '1990-01-01 06:01:01', '1990-01-01 06:01:01', NULL),
(1066, 'SACAMA', '315', 1, 26, '1990-01-01 06:01:01', '1990-01-01 06:01:01', NULL),
(1067, 'SAN LUIS DE PALENQUE', '325', 1, 26, '1990-01-01 06:01:01', '1990-01-01 06:01:01', NULL),
(1068, 'TAMARA', '400', 1, 26, '1990-01-01 06:01:01', '1990-01-01 06:01:01', NULL),
(1069, 'TAURAMENA', '410', 1, 26, '1990-01-01 06:01:01', '1990-01-01 06:01:01', NULL),
(1070, 'TRINIDAD', '430', 1, 26, '1990-01-01 06:01:01', '1990-01-01 06:01:01', NULL),
(1071, 'VILLANUEVA', '440', 1, 26, '1990-01-01 06:01:01', '1990-01-01 06:01:01', NULL),
(1072, 'MOCOA', '001', 1, 27, '1990-01-01 06:01:01', '1990-01-01 06:01:01', NULL),
(1073, 'COLON', '219', 1, 27, '1990-01-01 06:01:01', '1990-01-01 06:01:01', NULL),
(1074, 'ORITO', '320', 1, 27, '1990-01-01 06:01:01', '1990-01-01 06:01:01', NULL),
(1075, 'PUERTO ASIS', '568', 1, 27, '1990-01-01 06:01:01', '1990-01-01 06:01:01', NULL),
(1076, 'PUERTO CAICEDO', '569', 1, 27, '1990-01-01 06:01:01', '1990-01-01 06:01:01', NULL),
(1077, 'PUERTO GUZMAN', '571', 1, 27, '1990-01-01 06:01:01', '1990-01-01 06:01:01', NULL),
(1078, 'LEGUIZAMO', '573', 1, 27, '1990-01-01 06:01:01', '1990-01-01 06:01:01', NULL),
(1079, 'SIBUNDOY', '749', 1, 27, '1990-01-01 06:01:01', '1990-01-01 06:01:01', NULL),
(1080, 'SAN FRANCISCO', '755', 1, 27, '1990-01-01 06:01:01', '1990-01-01 06:01:01', NULL),
(1081, 'SAN MIGUEL', '757', 1, 27, '1990-01-01 06:01:01', '1990-01-01 06:01:01', NULL),
(1082, 'SANTIAGO', '760', 1, 27, '1990-01-01 06:01:01', '1990-01-01 06:01:01', NULL),
(1083, 'VALLE DEL GUAMUEZ', '865', 1, 27, '1990-01-01 06:01:01', '1990-01-01 06:01:01', NULL),
(1084, 'VILLAGARZON', '885', 1, 27, '1990-01-01 06:01:01', '1990-01-01 06:01:01', NULL),
(1085, 'SAN ANDRES', '88001', 1, 28, '1990-01-01 06:01:01', '1990-01-01 06:01:01', NULL),
(1086, 'PROVIDENCIA', '88564', 1, 28, '1990-01-01 06:01:01', '1990-01-01 06:01:01', NULL),
(1087, 'LETICIA', '001', 1, 29, '1990-01-01 06:01:01', '1990-01-01 06:01:01', NULL),
(1088, 'EL ENCANTO', '263', 1, 29, '1990-01-01 06:01:01', '1990-01-01 06:01:01', NULL),
(1089, 'LA CHORRERA', '405', 1, 29, '1990-01-01 06:01:01', '1990-01-01 06:01:01', NULL),
(1090, 'LA PEDRERA', '407', 1, 29, '1990-01-01 06:01:01', '1990-01-01 06:01:01', NULL),
(1091, 'LA VICTORIA', '430', 1, 29, '1990-01-01 06:01:01', '1990-01-01 06:01:01', NULL),
(1092, 'MIRITI - PARANA', '460', 1, 29, '1990-01-01 06:01:01', '1990-01-01 06:01:01', NULL),
(1093, 'PUERTO ALEGRIA', '530', 1, 29, '1990-01-01 06:01:01', '1990-01-01 06:01:01', NULL),
(1094, 'PUERTO ARICA', '536', 1, 29, '1990-01-01 06:01:01', '1990-01-01 06:01:01', NULL),
(1095, 'PUERTO NARIÑO', '540', 1, 29, '1990-01-01 06:01:01', '1990-01-01 06:01:01', NULL),
(1096, 'PUERTO SANTANDER', '669', 1, 29, '1990-01-01 06:01:01', '1990-01-01 06:01:01', NULL),
(1097, 'TARAPACA', '798', 1, 29, '1990-01-01 06:01:01', '1990-01-01 06:01:01', NULL),
(1098, 'INIRIDA', '001', 1, 30, '1990-01-01 06:01:01', '1990-01-01 06:01:01', NULL),
(1099, 'BARRANCO MINAS', '343', 1, 30, '1990-01-01 06:01:01', '1990-01-01 06:01:01', NULL),
(1100, 'MAPIRIPANA', '663', 1, 30, '1990-01-01 06:01:01', '1990-01-01 06:01:01', NULL),
(1101, 'SAN FELIPE', '883', 1, 30, '1990-01-01 06:01:01', '1990-01-01 06:01:01', NULL),
(1102, 'PUERTO COLOMBIA', '884', 1, 30, '1990-01-01 06:01:01', '1990-01-01 06:01:01', NULL),
(1103, 'LA GUADALUPE', '885', 1, 30, '1990-01-01 06:01:01', '1990-01-01 06:01:01', NULL),
(1104, 'CACAHUAL', '886', 1, 30, '1990-01-01 06:01:01', '1990-01-01 06:01:01', NULL),
(1105, 'PANA PANA', '887', 1, 30, '1990-01-01 06:01:01', '1990-01-01 06:01:01', NULL),
(1106, 'MORICHAL', '888', 1, 30, '1990-01-01 06:01:01', '1990-01-01 06:01:01', NULL),
(1107, 'SAN JOSE DEL GUAVIARE', '001', 1, 31, '1990-01-01 06:01:01', '1990-01-01 06:01:01', NULL),
(1108, 'CALAMAR', '015', 1, 31, '1990-01-01 06:01:01', '1990-01-01 06:01:01', NULL),
(1109, 'EL RETORNO', '025', 1, 31, '1990-01-01 06:01:01', '1990-01-01 06:01:01', NULL),
(1110, 'MIRAFLORES', '200', 1, 31, '1990-01-01 06:01:01', '1990-01-01 06:01:01', NULL),
(1111, 'MITU', '001', 1, 32, '1990-01-01 06:01:01', '1990-01-01 06:01:01', NULL),
(1112, 'CARURU', '161', 1, 32, '1990-01-01 06:01:01', '1990-01-01 06:01:01', NULL),
(1113, 'PACOA', '511', 1, 32, '1990-01-01 06:01:01', '1990-01-01 06:01:01', NULL),
(1114, 'TARAIRA', '666', 1, 32, '1990-01-01 06:01:01', '1990-01-01 06:01:01', NULL),
(1115, 'PAPUNAUA', '777', 1, 32, '1990-01-01 06:01:01', '1990-01-01 06:01:01', NULL),
(1116, 'YAVARATE', '889', 1, 32, '1990-01-01 06:01:01', '1990-01-01 06:01:01', NULL),
(1117, 'PUERTO CARREÑO', '001', 1, 33, '1990-01-01 06:01:01', '1990-01-01 06:01:01', NULL),
(1118, 'LA PRIMAVERA', '524', 1, 33, '1990-01-01 06:01:01', '1990-01-01 06:01:01', NULL),
(1119, 'SANTA ROSALIA', '624', 1, 33, '1990-01-01 06:01:01', '1990-01-01 06:01:01', NULL),
(1120, 'CUMARIBO', '773', 1, 33, '1990-01-01 06:01:01', '1990-01-01 06:01:01', NULL);

--
-- Volcado de datos para la tabla `migrations`
--

INSERT INTO `migrations` (`id`, `migration`, `batch`) VALUES
(1, '2014_10_12_000000_create_users_table', 1),
(2, '2014_10_12_100000_create_password_resets_table', 1),
(3, '2016_07_11_123610_create_pais_table', 1),
(4, '2016_07_11_123635_create_departamento_table', 1),
(5, '2016_07_11_123655_create_ciudad_table', 1),
(6, '2017_06_14_124033_create_permission_tables', 1);
--
-- Volcado de datos para la tabla `permissions`
--

INSERT INTO `permissions` (`id`, `name`, `guard_name`, `created_at`, `updated_at`) VALUES
(1, 'view_users', 'web', '2017-06-15 13:50:07', '2017-06-15 13:50:07'),
(2, 'add_users', 'web', '2017-06-15 13:50:07', '2017-06-15 13:50:07'),
(3, 'edit_users', 'web', '2017-06-15 13:50:07', '2017-06-15 13:50:07'),
(4, 'delete_users', 'web', '2017-06-15 13:50:07', '2017-06-15 13:50:07'),
(5, 'view_roles', 'web', '2017-06-15 13:50:07', '2017-06-15 13:50:07'),
(6, 'add_roles', 'web', '2017-06-15 13:50:07', '2017-06-15 13:50:07'),
(7, 'edit_roles', 'web', '2017-06-15 13:50:07', '2017-06-15 13:50:07'),
(8, 'delete_roles', 'web', '2017-06-15 13:50:07', '2017-06-15 13:50:07'),
(9, 'view_posts', 'web', '2017-06-15 13:50:07', '2017-06-15 13:50:07'),
(10, 'add_posts', 'web', '2017-06-15 13:50:07', '2017-06-15 13:50:07'),
(11, 'edit_posts', 'web', '2017-06-15 13:50:07', '2017-06-15 13:50:07'),
(12, 'delete_posts', 'web', '2017-06-15 13:50:07', '2017-06-15 13:50:07'),
(13, 'view_interalliances', 'web', '2017-06-16 21:46:40', '2017-06-16 21:46:40'),
(14, 'add_interalliances', 'web', '2017-06-16 21:46:41', '2017-06-16 21:46:41'),
(15, 'edit_interalliances', 'web', '2017-06-16 21:46:41', '2017-06-16 21:46:41'),
(16, 'delete_interalliances', 'web', '2017-06-16 21:46:41', '2017-06-16 21:46:41'),
(17, 'view_countries', 'web', '2017-06-16 21:53:26', '2017-06-16 21:53:26'),
(18, 'add_countries', 'web', '2017-06-16 21:53:26', '2017-06-16 21:53:26'),
(19, 'edit_countries', 'web', '2017-06-16 21:53:27', '2017-06-16 21:53:27'),
(20, 'delete_countries', 'web', '2017-06-16 21:53:27', '2017-06-16 21:53:27'),
(21, 'view_states', 'web', '2017-06-16 21:53:49', '2017-06-16 21:53:49'),
(22, 'add_states', 'web', '2017-06-16 21:53:49', '2017-06-16 21:53:49'),
(23, 'edit_states', 'web', '2017-06-16 21:53:49', '2017-06-16 21:53:49'),
(24, 'delete_states', 'web', '2017-06-16 21:53:49', '2017-06-16 21:53:49'),
(25, 'view_cities', 'web', '2017-06-16 21:54:02', '2017-06-16 21:54:02'),
(26, 'add_cities', 'web', '2017-06-16 21:54:02', '2017-06-16 21:54:02'),
(27, 'edit_cities', 'web', '2017-06-16 21:54:02', '2017-06-16 21:54:02'),
(28, 'delete_cities', 'web', '2017-06-16 21:54:02', '2017-06-16 21:54:02'),
(29, 'view_logs', 'web', '2017-06-16 22:19:55', '2017-06-16 22:19:55'),
(30, 'mail_mails', 'web', '2017-06-16 22:19:55', '2017-06-16 22:19:55');

--
-- Volcado de datos para la tabla `roles`
--

INSERT INTO `roles` (`id`, `name`, `guard_name`, `created_at`, `updated_at`) VALUES
(1, 'administrador', 'web', '2017-06-15 14:15:21', '2017-06-15 14:15:21'),
(2, 'director_programa', 'web', '2017-06-15 14:15:22', '2017-06-15 14:15:22'),
(3, 'coordinador_externo', 'web', '2017-06-15 14:15:22', '2017-06-15 14:15:22'),
(4, 'coordinador_interno', 'web', '2017-06-15 14:15:22', '2017-06-15 14:15:22'),
(5, 'profesor', 'web', '2017-06-15 14:15:22', '2017-06-15 14:15:22'),
(6, 'validador', 'web', '2017-06-15 14:15:23', '2017-06-15 14:15:23'),
(7, 'representante_legal', 'web', '2017-06-15 14:15:23', '2017-06-15 14:15:23'),
(8, 'creador_iniciativa', 'web', '2017-06-15 14:15:23', '2017-06-15 14:15:23'),
(9, 'aliado_iniciativa', 'web', '2017-06-15 14:15:23', '2017-06-15 14:15:23'),
(10, 'estudiante', 'web', '2017-06-15 14:15:23', '2017-06-15 14:15:23'),
(11, 'particular', 'web', '2017-06-15 14:15:23', '2017-06-15 14:15:23');


--
-- Volcado de datos para la tabla `model_has_permissions`
--

INSERT INTO `model_has_permissions` (`permission_id`, `model_id`, `model_type`) VALUES
(3, 5, 'App\\User');

--
-- Volcado de datos para la tabla `model_has_roles`
--

INSERT INTO `model_has_roles` (`role_id`, `model_id`, `model_type`) VALUES
(1, 1, 'App\\User'),
(2, 2, 'App\\User'),
(3, 3, 'App\\User'),
(4, 4, 'App\\User'),
(5, 5, 'App\\User'),
(6, 6, 'App\\User'),
(7, 7, 'App\\User'),
(8, 8, 'App\\User'),
(9, 9, 'App\\User'),
(10, 10, 'App\\User'),
(11, 11, 'App\\User');


--
-- Volcado de datos para la tabla `role_has_permissions`
--

INSERT INTO `role_has_permissions` (`permission_id`, `role_id`) VALUES
(1, 1),
(2, 1),
(3, 1),
(4, 1),
(5, 1),
(6, 1),
(7, 1),
(8, 1),
(9, 1),
(10, 1),
(11, 1),
(12, 1),
(13, 1),
(14, 1),
(15, 1),
(16, 1),
(17, 1),
(18, 1),
(19, 1),
(20, 1),
(21, 1),
(22, 1),
(23, 1),
(24, 1),
(25, 1),
(26, 1),
(27, 1),
(28, 1),
(29, 1),
(30, 1);




insert into tipo_institucion (`id`,`nombre`) values 
(1,'Corporaciones Privadas'),(2,'Instituciones Públicas'),(3,'Organizaciones Mixtas'),(4,'Organismos Multilaterales'),(5,'Organizaciones No Gubernamentales'),(6,'Agencias Oficiales'),(7,'Instituciones de Educación Superior'),(8,'Representaciones Diplomáticas');

insert into tipo_alianza (`id`,`nombre`) values 
(1,'Marco'),(2,'Especifico');

insert into modalidad (`id`, `tipo_alianza_id`, `nombre`) values 
(1,1,'Cooperación Interinstitucional'),(2,1,'Actividades Científicas y de Cooperación Académica Investigativa'),(3,2,'Prácticas y Pasantías'),(4,2,'Movilidad Académica Estudiantil'),(5,2,'Doble Titulación'),(6,2,'Docencia-Servicio + ARL'), (7,2,'Inmersión Universitaria'),(8,2,'Movilidad Académica de Profesores, Investigadores o Administrativos');


insert into tipo_tramite (`id`, `nombre`) values 
(1,'Nueva Alianza'),(2,'Prórroga'),(3,'Modificación'),(4,'Renovación'),(5,'Adición'),(6,'Otro sí'),(7,'Acta de Iniciación'),(8,'Acta de Terminación'),(9,'Carta de Intención');

insert into tipo_identificacion (`id`, `nombre`) VALUES
(1,'Cédula de Ciudadanía'),(2,'Cédula de Extranjería'),(3,'Pasaporte');

insert into tipo_facultad (`id`, `nombre`) VALUES
(1,'FACULTAD'),(2,'UNIDAD');

INSERT INTO `clase_documento`(`id`, `nombre`) VALUES 
(1,'iniciativa'),(2,'inscripcion'),(3,'institucion'),(4,'oportunidad'),(5,'multimedia');


insert into tipo_documento (`id`, `nombre`, `clase_documento_id`) values 
(1,'Representación Legal',1),(2,'Acta de Nombramiento',1),(3,'Acta de Posesión',2),(4,'Cédula (C)(E)',2),(5,'Cámara de Comercio',3),(6,'Resolución/Decreto',3),(7,'Personería Jurídica',4),(8,'Carta del Decano(a)',4),(9,'Pre-formas documentos de alianza',5);


INSERT INTO `datos_personales`(`id`, `nombres`, `apellidos`, `ciudad_residencia_id`, `direccion`, `email_personal`, `telefono`, `celular`, `codigo_postal`, `tipo_documento_id`, `numero_documento`, `fecha_expedicion`, `fecha_vencimiento`, `lugar_expedicion_id`, `nacionalidad_id`, `nro_pasaporte`, `porcentaje_aprobado`, `promedio_acumulado`, `codigo_institucion`, `cargo`, `facultad_id`) 
VALUES (1,'Nombre1 Nombre2','Apellido1 Apellido2',1,'direccion 123','prueba@prueba.com','7381245','321654987','1324567',1,'1032165498','1990-01-01','1990-01-01',1,1,123456798,85,'4.5',12345,'auxiliar de soporte',1);
--
-- Volcado de datos para la tabla `users`
--

INSERT INTO `users` (`id`, `name`, `email`, `password`, `remember_token`, `datos_personales_id`, `created_at`, `updated_at`, `deleted_at`) VALUES
(1, 'Soporte', 'soporte@interactin.com', '$2y$10$mJlIs.WYUnfTl9dCJU8KQuy5HWFKf7on3uLeIJ5KrnRRqipU.7cDi', 'wrm7dyjn2Ch9O2hgOLxNvZYTbNKunUn0OnoeTBcj5v7Do14DDi84wGlnOHN4', '1', '1990-01-01 06:01:01', '1990-01-01 06:01:01', NULL),
(2, 'David Calderon', 'david.calderon@infotegra.com', '$2y$10$K0G4VGBCA7OcRFX60GlfHO/WSXlfRqwZaRjUbuuyV4cFI3N3qaEf.', 'cQibi87y4BEJYFZvSZIIThFTKoZCxkfTS7ESFALBmUSMkEW3DN4vq9RPbAWw', '1', '2017-06-15 14:15:22', '2017-06-15 14:21:12', NULL),
(3, 'Quinton Hand', 'london48@example.net', '$2y$10$TQrXTm0pE6km5OVh6vnuce8piqDkqsLba9TfedIzE6j7Kmr9ZpPkG', 'KaqKhnTgPR', '1', '2017-06-15 14:15:22', '2017-06-15 14:15:22', NULL),
(4, 'Haylee Dicki', 'rempel.priscilla@example.net', '$2y$10$TQrXTm0pE6km5OVh6vnuce8piqDkqsLba9TfedIzE6j7Kmr9ZpPkG', 'PIeU3kHfnY', '1', '2017-06-15 14:15:22', '2017-06-15 14:15:22', NULL),
(5, 'Chanel Dietrich', 'jonatan25@example.net', '$2y$10$TQrXTm0pE6km5OVh6vnuce8piqDkqsLba9TfedIzE6j7Kmr9ZpPkG', '9pzEw1iGcy', '1', '2017-06-15 14:15:22', '2017-06-15 14:15:22', NULL),
(6, 'Mr. Magnus Schuster II', 'zackary.daniel@example.com', '$2y$10$TQrXTm0pE6km5OVh6vnuce8piqDkqsLba9TfedIzE6j7Kmr9ZpPkG', 'qWeIzvbgCw', '1', '2017-06-15 14:15:23', '2017-06-15 14:15:23', NULL),
(7, 'Jeramie Kutch Net', 'garnett07@example.net', '$2y$10$TQrXTm0pE6km5OVh6vnuce8piqDkqsLba9TfedIzE6j7Kmr9ZpPkG', 'ITLqY07Kul', '1', '2017-06-15 14:15:23', '2017-06-15 14:15:23', NULL),
(8, 'Jeramie Kutch com', 'garnett07@example.com', '$2y$10$TQrXTm0pE6km5OVh6vnuce8piqDkqsLba9TfedIzE6j7Kmr9ZpPkG', 'ITLqY07Kul', '1', '2017-06-15 14:15:23', '2017-06-15 14:15:23', NULL),
(9, 'Jeramie Kutch co', 'garnett07@example.co', '$2y$10$TQrXTm0pE6km5OVh6vnuce8piqDkqsLba9TfedIzE6j7Kmr9ZpPkG', 'ITLqY07Kul', '1', '2017-06-15 14:15:23', '2017-06-15 14:15:23', NULL),
(10, 'Jeramie Kutch edu', 'garnett07@example.edu', '$2y$10$TQrXTm0pE6km5OVh6vnuce8piqDkqsLba9TfedIzE6j7Kmr9ZpPkG', 'ITLqY07Kul', '1', '2017-06-15 14:15:23', '2017-06-15 14:15:23', NULL),
(11, 'Jeramie Kutch mil', 'garnett07@example.mil', '$2y$10$TQrXTm0pE6km5OVh6vnuce8piqDkqsLba9TfedIzE6j7Kmr9ZpPkG', 'ITLqY07Kul', '1', '2017-06-15 14:15:23', '2017-06-15 14:15:23', NULL);


INSERT INTO `institucion` (`id`, `nombre`, `email`, `tipo_institucion_id`, `representante_id`, `created_at`, `updated_at`, `deleted_at`) 
VALUES ('1', 'santo tomas', 'contacto@usta.edu.co', '7', '7', NULL, NULL, NULL);

INSERT INTO `campus` (`id`, `nombre`, `institucion_id`, `telefono`, `direccion`, `codigo_postal`, `email`, `ciudad_id`, `created_at`, `updated_at`, `deleted_at`) 
VALUES ('1', 'bogota', '1', '1234567', 'calle 12 # 132-12', '32154', 'contacto@usta.com', '153', NULL, NULL, NULL);

insert into `facultad` (`id`, `campus_id`, `nombre`, `tipo_facultad_id`) values 
(1,1,'Administración',1),(2,1,'Artes y Humanidades',1),(3,1,'Arquitectura y Diseño',1),(4,1,'Ciencias Económicas y Administrativas',1),(5,1,'Ciencias Naturales',1),(6,1,'Ciencias Sociales',1),(7,1,'Derecho',1),(8,1,'Educación',1),(9,1,'Ingeniería',1),(10,1,'Medicina',1),(11,1,'Administración',2),(12,1,'Docentes',2);


insert into `programa` (`id`, `facultad_id`, `nombre`) values 
(1,1,'Administración'),(2,1,'Contaduría Internacional'),(3,1,'Especialización en Administración Financiera'),(4,1,'Especialización en Negociación'),(5,1,'Especialización en Gerencia de Abastecimiento Estratégico'),(6,1,'Especialización en Inteligencia de Mercados'),(7,1,'Maestría en Investigación en Administración'),(8,1,'Maestría en Administración (Tiempo Completo)'),(9,1,'Maestría en Administración (Tiempo Parcial)'),(10,1,'Maestría en Administración (Ejecutivo - EMBA)'),(11,1,'Maestría en Finanzas'),(12,1,'Maestría en Mercadeo'),(13,1,'Maestría en Gerencia Ambiental'),(14,1,'Maestría en Gerencia y Práctica del Desarrollo'),(15,2,'Arquitectura'),(16,2,'Diseño'),(17,2,'Maestría en Arquitectura'),(18,2,'Maestría en Diseño'),(19,2,'Arte'),(20,2,'Historia del Arte'),(21,2,'Literatura'),(22,2,'Música'),(23,2,'Especialización en Creación Multimedia'),(24,2,'Maestría en Literatura'),(25,2,'Maestría en Periodismo'),(26,2,'Doctorado en Literatura'),(27,2,'Biología'),(28,2,'Microbiología'),(29,2,'Física'),(30,2,'Geociencias'),(31,2,'Matemáticas'),(32,2,'Química'),(33,3,'Maestría en Ciencias Biológicas'),(34,3,'Maestría en Ciencias - Física'),(35,3,'Maestría en Matemáticas'),(36,3,'Maestría en Química'),(37,3,'Doctorado en Ciencias - Biología'),(38,3,'Doctorado en Ciencias - Física'),(39,3,'Doctorado en Matemáticas'),(40,3,'Doctorado en Ciencias Química');

--
-- Volcado de datos para la tabla `datos_personales`
--

COMMIT;

/*!40101 SET CHARACTER_SET_CLIENT=@OLD_CHARACTER_SET_CLIENT */;
/*!40101 SET CHARACTER_SET_RESULTS=@OLD_CHARACTER_SET_RESULTS */;
/*!40101 SET COLLATION_CONNECTION=@OLD_COLLATION_CONNECTION */;
